IP 地址,已发送,已接收,丢包率,平均延迟,下载速度(MB/s),地区码
104.20.31.232,4,4,0.00,61.50,3.98,HKG
172.67.69.252,4,4,0.00,61.48,1.49,HKG
104.20.18.23,4,4,0.00,66.83,1.39,HKG
172.67.75.34,4,4,0.00,61.99,0.56,HKG
104.18.79.56,4,4,0.00,168.83,0.29,SJC
104.25.237.167,4,4,0.00,172.24,0.00,N/A
104.24.224.18,4,4,0.00,174.12,0.00,N/A
104.24.198.168,4,4,0.00,174.52,0.00,N/A
104.24.212.134,4,4,0.00,174.88,0.00,N/A
173.245.58.138,4,4,0.00,174.89,0.00,N/A
104.18.176.185,4,4,0.00,174.96,0.00,N/A
104.25.248.88,4,4,0.00,175.00,0.00,N/A
108.162.193.6,4,4,0.00,175.15,0.00,N/A
104.24.33.85,4,4,0.00,175.31,0.00,N/A
104.19.17.254,4,4,0.00,175.97,0.00,N/A
104.24.157.161,4,4,0.00,176.32,0.00,N/A
172.65.151.64,4,4,0.00,176.73,0.00,N/A
104.19.45.148,4,4,0.00,176.83,0.00,N/A
104.25.86.129,4,4,0.00,177.22,0.00,N/A
198.41.192.37,4,4,0.00,177.58,0.00,N/A
108.162.196.229,4,4,0.00,177.81,0.00,N/A
104.24.201.113,4,4,0.00,177.88,0.00,N/A
172.67.97.93,4,4,0.00,178.02,0.00,N/A
198.41.207.234,4,4,0.00,178.28,0.00,N/A
108.162.195.100,4,4,0.00,178.35,0.00,N/A
172.65.94.112,4,4,0.00,178.36,0.00,N/A
198.41.200.61,4,4,0.00,178.39,0.00,N/A
162.159.57.205,4,4,0.00,178.68,0.00,N/A
104.19.22.23,4,4,0.00,178.89,0.00,N/A
162.159.130.59,4,4,0.00,178.92,0.00,N/A
162.159.61.147,4,4,0.00,178.96,0.00,N/A
104.19.119.232,4,4,0.00,178.98,0.00,N/A
198.41.216.164,4,4,0.00,179.11,0.00,N/A
104.19.14.30,4,4,0.00,179.17,0.00,N/A
172.64.50.142,4,4,0.00,179.25,0.00,N/A
172.66.132.7,4,4,0.00,179.40,0.00,N/A
104.20.37.126,4,4,0.00,179.42,0.00,N/A
104.24.192.189,4,4,0.00,179.46,0.00,N/A
104.24.213.137,4,4,0.00,180.00,0.00,N/A
162.159.58.247,4,4,0.00,180.13,0.00,N/A
162.159.40.141,4,4,0.00,180.35,0.00,N/A
162.159.27.199,4,4,0.00,180.37,0.00,N/A
162.159.48.65,4,4,0.00,180.50,0.00,N/A
104.24.57.152,4,4,0.00,180.56,0.00,N/A
104.25.83.76,4,4,0.00,180.57,0.00,N/A
104.24.50.11,4,4,0.00,180.76,0.00,N/A
104.27.68.72,4,4,0.00,180.81,0.00,N/A
198.41.202.249,4,4,0.00,181.08,0.00,N/A
172.67.121.11,4,4,0.00,181.25,0.00,N/A
198.41.223.177,4,4,0.00,181.36,0.00,N/A
104.25.0.213,4,4,0.00,181.40,0.00,N/A
104.25.127.19,4,4,0.00,181.55,0.00,N/A
104.19.100.109,4,4,0.00,181.60,0.00,N/A
104.27.113.163,4,4,0.00,181.62,0.00,N/A
198.41.196.37,4,4,0.00,181.66,0.00,N/A
162.159.16.173,4,4,0.00,181.78,0.00,N/A
198.41.201.74,4,4,0.00,181.84,0.00,N/A
172.64.92.167,4,4,0.00,181.85,0.00,N/A
141.101.122.193,4,4,0.00,181.87,0.00,N/A
104.25.32.59,4,4,0.00,181.97,0.00,N/A
104.18.171.237,4,4,0.00,181.97,0.00,N/A
104.25.191.54,4,4,0.00,182.10,0.00,N/A
104.25.37.227,4,4,0.00,182.22,0.00,N/A
162.159.51.25,4,4,0.00,182.33,0.00,N/A
104.19.81.242,4,4,0.00,182.34,0.00,N/A
172.65.142.94,4,4,0.00,182.43,0.00,N/A
162.159.201.141,4,4,0.00,182.44,0.00,N/A
162.159.193.117,4,4,0.00,182.47,0.00,N/A
104.27.38.143,4,4,0.00,182.48,0.00,N/A
198.41.215.32,4,4,0.00,182.49,0.00,N/A
104.16.136.189,4,4,0.00,182.68,0.00,N/A
198.41.203.165,4,4,0.00,182.72,0.00,N/A
162.159.41.157,4,4,0.00,182.92,0.00,N/A
104.25.195.142,4,4,0.00,183.05,0.00,N/A
162.159.128.198,4,4,0.00,183.05,0.00,N/A
104.17.88.148,4,4,0.00,183.31,0.00,N/A
104.24.199.176,4,4,0.00,183.31,0.00,N/A
198.41.211.146,4,4,0.00,183.31,0.00,N/A
172.65.11.200,4,4,0.00,183.40,0.00,N/A
104.18.10.246,4,4,0.00,183.44,0.00,N/A
172.66.137.85,4,4,0.00,183.54,0.00,N/A
104.16.112.42,4,4,0.00,183.58,0.00,N/A
104.27.9.204,4,4,0.00,183.90,0.00,N/A
162.159.17.182,4,4,0.00,183.99,0.00,N/A
104.24.46.192,4,4,0.00,184.11,0.00,N/A
104.25.169.66,4,4,0.00,184.13,0.00,N/A
104.19.86.175,4,4,0.00,184.17,0.00,N/A
104.24.88.145,4,4,0.00,184.22,0.00,N/A
162.159.136.30,4,4,0.00,184.24,0.00,N/A
172.65.252.136,4,4,0.00,184.25,0.00,N/A
198.41.194.46,4,4,0.00,184.27,0.00,N/A
172.64.147.128,4,4,0.00,184.35,0.00,N/A
104.20.9.139,4,4,0.00,184.36,0.00,N/A
141.101.113.157,4,4,0.00,184.46,0.00,N/A
141.101.123.169,4,4,0.00,184.50,0.00,N/A
108.162.194.178,4,4,0.00,184.51,0.00,N/A
172.65.99.21,4,4,0.00,184.72,0.00,N/A
162.159.60.194,4,4,0.00,184.76,0.00,N/A
172.67.95.86,4,4,0.00,184.87,0.00,N/A
162.159.38.178,4,4,0.00,184.91,0.00,N/A
172.67.86.9,4,4,0.00,184.93,0.00,N/A
104.25.68.160,4,4,0.00,184.97,0.00,N/A
172.65.93.115,4,4,0.00,185.01,0.00,N/A
162.159.46.156,4,4,0.00,185.03,0.00,N/A
172.67.113.95,4,4,0.00,185.03,0.00,N/A
172.65.1.143,4,4,0.00,185.03,0.00,N/A
162.159.134.18,4,4,0.00,185.11,0.00,N/A
172.65.185.46,4,4,0.00,185.14,0.00,N/A
162.159.56.39,4,4,0.00,185.20,0.00,N/A
104.25.2.120,4,4,0.00,185.38,0.00,N/A
104.24.51.163,4,4,0.00,185.42,0.00,N/A
104.24.26.114,4,4,0.00,185.49,0.00,N/A
172.66.171.44,4,4,0.00,185.49,0.00,N/A
162.159.62.123,4,4,0.00,185.52,0.00,N/A
104.25.166.137,4,4,0.00,185.63,0.00,N/A
198.41.217.243,4,4,0.00,185.84,0.00,N/A
162.159.39.88,4,4,0.00,185.90,0.00,N/A
162.159.3.70,4,4,0.00,185.96,0.00,N/A
172.66.208.131,4,4,0.00,186.03,0.00,N/A
172.65.107.23,4,4,0.00,186.12,0.00,N/A
162.159.140.5,4,4,0.00,186.18,0.00,N/A
104.20.46.213,4,4,0.00,186.24,0.00,N/A
162.159.153.58,4,4,0.00,186.25,0.00,N/A
162.159.33.80,4,4,0.00,186.28,0.00,N/A
172.67.90.11,4,4,0.00,186.28,0.00,N/A
172.65.95.200,4,4,0.00,186.30,0.00,N/A
104.25.198.251,4,4,0.00,186.48,0.00,N/A
104.24.9.61,4,4,0.00,186.57,0.00,N/A
162.159.142.40,4,4,0.00,186.65,0.00,N/A
198.41.204.177,4,4,0.00,186.70,0.00,N/A
104.27.80.94,4,4,0.00,186.70,0.00,N/A
104.18.24.230,4,4,0.00,186.71,0.00,N/A
104.27.118.204,4,4,0.00,186.77,0.00,N/A
104.25.180.60,4,4,0.00,186.78,0.00,N/A
198.41.206.225,4,4,0.00,186.78,0.00,N/A
198.41.222.208,4,4,0.00,186.90,0.00,N/A
104.27.42.87,4,4,0.00,187.03,0.00,N/A
162.159.135.9,4,4,0.00,187.03,0.00,N/A
104.24.197.252,4,4,0.00,187.06,0.00,N/A
104.16.29.3,4,4,0.00,187.12,0.00,N/A
162.159.44.70,4,4,0.00,187.23,0.00,N/A
172.65.87.13,4,4,0.00,187.26,0.00,N/A
104.24.52.186,4,4,0.00,187.29,0.00,N/A
198.41.195.35,4,4,0.00,187.29,0.00,N/A
173.245.49.105,4,4,0.00,187.29,0.00,N/A
104.25.155.159,4,4,0.00,187.37,0.00,N/A
104.25.219.147,4,4,0.00,187.44,0.00,N/A
104.25.16.164,4,4,0.00,187.48,0.00,N/A
198.41.214.155,4,4,0.00,187.50,0.00,N/A
104.27.125.136,4,4,0.00,187.58,0.00,N/A
104.24.231.67,4,4,0.00,187.58,0.00,N/A
172.65.0.126,4,4,0.00,187.60,0.00,N/A
104.27.45.211,4,4,0.00,187.60,0.00,N/A
104.19.44.218,4,4,0.00,187.68,0.00,N/A
104.19.75.104,4,4,0.00,187.71,0.00,N/A
104.24.36.70,4,4,0.00,187.81,0.00,N/A
104.17.67.217,4,4,0.00,187.84,0.00,N/A
141.101.90.140,4,4,0.00,187.88,0.00,N/A
104.25.207.22,4,4,0.00,187.91,0.00,N/A
198.41.193.204,4,4,0.00,187.93,0.00,N/A
104.18.16.70,4,4,0.00,187.97,0.00,N/A
162.159.45.226,4,4,0.00,187.99,0.00,N/A
103.21.244.225,4,4,0.00,188.02,0.00,N/A
104.24.62.69,4,4,0.00,188.08,0.00,N/A
162.159.50.191,4,4,0.00,188.11,0.00,N/A
104.19.122.152,4,4,0.00,188.14,0.00,N/A
104.24.145.226,4,4,0.00,188.16,0.00,N/A
162.159.36.27,4,4,0.00,188.18,0.00,N/A
162.159.141.70,4,4,0.00,188.21,0.00,N/A
104.19.4.184,4,4,0.00,188.28,0.00,N/A
104.27.114.211,4,4,0.00,188.29,0.00,N/A
198.41.205.32,4,4,0.00,188.29,0.00,N/A
172.64.93.102,4,4,0.00,188.31,0.00,N/A
104.20.10.164,4,4,0.00,188.33,0.00,N/A
198.41.197.217,4,4,0.00,188.38,0.00,N/A
172.65.175.214,4,4,0.00,188.39,0.00,N/A
162.159.24.79,4,4,0.00,188.39,0.00,N/A
104.16.249.252,4,4,0.00,188.41,0.00,N/A
141.101.121.67,4,4,0.00,188.43,0.00,N/A
172.65.147.164,4,4,0.00,188.64,0.00,N/A
104.24.182.58,4,4,0.00,188.68,0.00,N/A
162.159.137.43,4,4,0.00,188.76,0.00,N/A
104.25.143.0,4,4,0.00,188.82,0.00,N/A
172.65.105.90,4,4,0.00,188.91,0.00,N/A
104.19.73.214,4,4,0.00,189.04,0.00,N/A
172.65.148.117,4,4,0.00,189.11,0.00,N/A
162.159.194.207,4,4,0.00,189.24,0.00,N/A
172.64.36.178,4,4,0.00,189.26,0.00,N/A
162.159.129.172,4,4,0.00,189.28,0.00,N/A
104.27.69.3,4,4,0.00,189.30,0.00,N/A
108.162.192.33,4,4,0.00,189.48,0.00,N/A
104.27.44.166,4,4,0.00,189.50,0.00,N/A
141.101.120.56,4,4,0.00,189.54,0.00,N/A
104.27.70.227,4,4,0.00,189.54,0.00,N/A
104.19.26.13,4,4,0.00,189.57,0.00,N/A
104.24.49.111,4,4,0.00,189.69,0.00,N/A
172.65.71.122,4,4,0.00,189.72,0.00,N/A
104.24.204.131,4,4,0.00,189.74,0.00,N/A
104.25.147.43,4,4,0.00,189.77,0.00,N/A
162.159.26.244,4,4,0.00,189.84,0.00,N/A
162.159.133.43,4,4,0.00,189.85,0.00,N/A
172.65.213.246,4,4,0.00,189.85,0.00,N/A
172.64.95.138,4,4,0.00,189.93,0.00,N/A
172.65.91.37,4,4,0.00,189.94,0.00,N/A
104.24.163.197,4,4,0.00,189.95,0.00,N/A
104.16.31.160,4,4,0.00,190.02,0.00,N/A
173.245.59.116,4,4,0.00,190.08,0.00,N/A
104.19.118.250,4,4,0.00,190.13,0.00,N/A
104.27.82.38,4,4,0.00,190.19,0.00,N/A
104.24.214.21,4,4,0.00,190.22,0.00,N/A
162.159.49.120,4,4,0.00,190.24,0.00,N/A
104.24.19.67,4,4,0.00,190.27,0.00,N/A
104.17.178.204,4,4,0.00,190.28,0.00,N/A
162.159.199.44,4,4,0.00,190.32,0.00,N/A
104.19.12.215,4,4,0.00,190.35,0.00,N/A
162.159.32.112,4,4,0.00,190.39,0.00,N/A
198.41.198.79,4,4,0.00,190.44,0.00,N/A
104.19.78.6,4,4,0.00,190.46,0.00,N/A
198.41.199.246,4,4,0.00,190.51,0.00,N/A
104.19.103.181,4,4,0.00,190.66,0.00,N/A
172.64.85.3,4,4,0.00,190.68,0.00,N/A
104.24.129.30,4,4,0.00,190.69,0.00,N/A
104.19.159.55,4,4,0.00,190.78,0.00,N/A
104.24.87.41,4,4,0.00,190.84,0.00,N/A
104.19.111.218,4,4,0.00,191.06,0.00,N/A
198.41.218.9,4,4,0.00,191.07,0.00,N/A
162.159.15.226,4,4,0.00,191.08,0.00,N/A
172.67.94.114,4,4,0.00,191.29,0.00,N/A
104.25.87.158,4,4,0.00,191.32,0.00,N/A
104.27.22.28,4,4,0.00,191.45,0.00,N/A
172.65.106.30,4,4,0.00,191.78,0.00,N/A
104.27.13.61,4,4,0.00,191.97,0.00,N/A
172.67.122.215,4,4,0.00,192.38,0.00,N/A
162.159.25.80,4,4,0.00,192.39,0.00,N/A
104.24.142.86,4,4,0.00,192.39,0.00,N/A
104.24.203.254,4,4,0.00,192.49,0.00,N/A
104.16.70.107,4,4,0.00,192.65,0.00,N/A
172.64.96.99,4,4,0.00,193.33,0.00,N/A
104.27.84.236,4,4,0.00,193.64,0.00,N/A
104.16.152.244,4,4,0.00,193.66,0.00,N/A
104.25.35.216,4,4,0.00,193.77,0.00,N/A
104.17.137.146,4,4,0.00,194.08,0.00,N/A
104.27.46.2,4,4,0.00,194.61,0.00,N/A
104.19.145.151,4,4,0.00,195.25,0.00,N/A
104.16.159.44,4,4,0.00,195.77,0.00,N/A
104.16.107.148,4,4,0.00,195.89,0.00,N/A
104.16.173.98,4,4,0.00,196.53,0.00,N/A
104.17.62.209,4,4,0.00,196.98,0.00,N/A
104.16.148.233,4,4,0.00,197.20,0.00,N/A
104.18.242.208,4,4,0.00,197.51,0.00,N/A
162.159.42.19,4,4,0.00,198.63,0.00,N/A
104.18.149.235,4,4,0.00,198.73,0.00,N/A
104.16.174.6,4,4,0.00,198.76,0.00,N/A
104.16.144.139,4,4,0.00,198.83,0.00,N/A
104.16.162.56,4,4,0.00,199.02,0.00,N/A
198.41.208.168,4,4,0.00,200.07,0.00,N/A
104.18.76.126,4,4,0.00,200.12,0.00,N/A
104.16.181.128,4,4,0.00,200.12,0.00,N/A
104.16.75.74,4,4,0.00,201.04,0.00,N/A
104.17.239.10,4,4,0.00,201.37,0.00,N/A
104.21.227.86,4,4,0.00,201.74,0.00,N/A
198.41.219.130,4,4,0.00,202.14,0.00,N/A
104.18.161.154,4,4,0.00,202.27,0.00,N/A
104.16.156.33,4,4,0.00,202.28,0.00,N/A
104.16.166.201,4,4,0.00,202.49,0.00,N/A
104.16.68.169,4,4,0.00,202.52,0.00,N/A
104.16.141.141,4,4,0.00,202.63,0.00,N/A
104.18.73.220,4,4,0.00,203.03,0.00,N/A
104.16.23.156,4,4,0.00,203.26,0.00,N/A
104.16.14.127,4,4,0.00,203.32,0.00,N/A
104.16.32.175,4,4,0.00,203.51,0.00,N/A
141.101.114.252,4,4,0.00,204.23,0.00,N/A
104.17.76.208,4,4,0.00,204.39,0.00,N/A
104.17.109.237,4,4,0.00,204.67,0.00,N/A
104.16.71.183,4,4,0.00,204.71,0.00,N/A
104.16.146.70,4,4,0.00,204.88,0.00,N/A
198.41.209.237,4,4,0.00,204.90,0.00,N/A
104.19.231.171,4,4,0.00,205.70,0.00,N/A
104.17.98.239,4,4,0.00,205.74,0.00,N/A
104.18.238.90,4,4,0.00,206.49,0.00,N/A
104.16.147.100,4,4,0.00,206.55,0.00,N/A
190.93.247.153,4,4,0.00,206.67,0.00,N/A
104.19.253.118,4,4,0.00,206.82,0.00,N/A
104.16.151.30,4,4,0.00,206.89,0.00,N/A
104.17.213.45,4,4,0.00,206.90,0.00,N/A
104.17.101.18,4,4,0.00,207.05,0.00,N/A
104.17.181.211,4,4,0.00,207.15,0.00,N/A
162.159.59.149,4,4,0.00,207.58,0.00,N/A
104.16.24.11,4,4,0.00,207.78,0.00,N/A
104.18.253.177,4,4,0.00,207.80,0.00,N/A
104.16.97.208,4,4,0.00,207.84,0.00,N/A
104.19.177.71,4,4,0.00,208.14,0.00,N/A
104.16.37.218,4,4,0.00,208.25,0.00,N/A
104.17.223.107,4,4,0.00,208.86,0.00,N/A
104.17.214.20,4,4,0.00,208.97,0.00,N/A
104.16.87.10,4,4,0.00,209.19,0.00,N/A
104.17.183.97,4,4,0.00,209.49,0.00,N/A
104.17.125.59,4,4,0.00,209.82,0.00,N/A
104.17.130.203,4,4,0.00,209.88,0.00,N/A
104.16.124.235,4,4,0.00,210.14,0.00,N/A
104.17.219.209,4,4,0.00,210.85,0.00,N/A
104.17.235.233,4,4,0.00,211.66,0.00,N/A
104.17.11.158,4,4,0.00,211.74,0.00,N/A
104.16.202.53,4,4,0.00,212.07,0.00,N/A
104.16.137.251,4,4,0.00,212.63,0.00,N/A
104.18.185.133,4,4,0.00,212.74,0.00,N/A
104.18.254.137,4,4,0.00,212.79,0.00,N/A
104.17.23.84,4,4,0.00,212.90,0.00,N/A
104.17.93.38,4,4,0.00,212.91,0.00,N/A
104.17.247.103,4,4,0.00,213.27,0.00,N/A
104.16.193.79,4,4,0.00,213.32,0.00,N/A
104.17.122.86,4,4,0.00,213.34,0.00,N/A
104.17.210.117,4,4,0.00,214.30,0.00,N/A
104.16.154.146,4,4,0.00,214.31,0.00,N/A
104.18.204.245,4,4,0.00,214.53,0.00,N/A
104.19.175.51,4,4,0.00,214.75,0.00,N/A
104.18.246.197,4,4,0.00,214.78,0.00,N/A
104.16.67.72,4,4,0.00,215.17,0.00,N/A
104.17.121.9,4,4,0.00,215.73,0.00,N/A
104.17.24.189,4,4,0.00,216.06,0.00,N/A
104.17.202.236,4,4,0.00,216.12,0.00,N/A
104.17.0.104,4,4,0.00,216.56,0.00,N/A
104.16.140.73,4,4,0.00,216.66,0.00,N/A
104.16.88.24,4,4,0.00,216.81,0.00,N/A
104.17.91.218,4,4,0.00,216.81,0.00,N/A
104.18.255.40,4,4,0.00,217.18,0.00,N/A
104.17.179.151,4,4,0.00,217.57,0.00,N/A
104.16.65.163,4,4,0.00,217.77,0.00,N/A
104.16.153.191,4,4,0.00,218.24,0.00,N/A
104.16.127.7,4,4,0.00,219.41,0.00,N/A
104.16.138.36,4,4,0.00,219.62,0.00,N/A
104.18.249.96,4,4,0.00,220.47,0.00,N/A
104.17.201.52,4,4,0.00,220.79,0.00,N/A
188.114.97.37,4,4,0.00,221.02,0.00,N/A
104.16.15.253,4,4,0.00,221.31,0.00,N/A
190.93.244.100,4,4,0.00,221.98,0.00,N/A
104.16.106.107,4,4,0.00,222.06,0.00,N/A
104.17.216.210,4,4,0.00,222.54,0.00,N/A
104.16.149.3,4,4,0.00,222.93,0.00,N/A
104.16.158.114,4,4,0.00,223.08,0.00,N/A
104.18.245.228,4,4,0.00,223.18,0.00,N/A
188.114.96.32,4,4,0.00,223.56,0.00,N/A
104.17.211.161,4,4,0.00,223.58,0.00,N/A
162.159.35.226,4,4,0.00,223.77,0.00,N/A
104.16.145.119,4,4,0.00,223.80,0.00,N/A
104.17.90.149,4,4,0.00,224.15,0.00,N/A
104.19.250.221,4,4,0.00,224.26,0.00,N/A
104.17.191.139,4,4,0.00,224.46,0.00,N/A
104.16.20.114,4,4,0.00,225.18,0.00,N/A
104.16.36.87,4,4,0.00,225.52,0.00,N/A
104.16.28.235,4,4,0.00,225.64,0.00,N/A
104.18.72.240,4,4,0.00,225.83,0.00,N/A
104.16.64.110,4,4,0.00,225.90,0.00,N/A
104.16.33.92,4,4,0.00,226.92,0.00,N/A
104.17.104.146,4,4,0.00,227.17,0.00,N/A
104.16.142.61,4,4,0.00,228.17,0.00,N/A
104.17.220.52,4,4,0.00,228.96,0.00,N/A
104.16.132.128,4,4,0.00,229.02,0.00,N/A
104.17.189.30,4,4,0.00,229.04,0.00,N/A
104.17.205.241,4,4,0.00,230.08,0.00,N/A
104.17.230.42,4,4,0.00,230.08,0.00,N/A
104.17.99.142,4,4,0.00,230.66,0.00,N/A
104.19.251.164,4,4,0.00,231.16,0.00,N/A
104.16.205.180,4,4,0.00,232.09,0.00,N/A
162.159.34.108,4,4,0.00,232.68,0.00,N/A
162.159.43.254,4,4,0.00,232.85,0.00,N/A
104.16.150.27,4,4,0.00,233.19,0.00,N/A
104.16.114.10,4,4,0.00,233.54,0.00,N/A
104.16.122.29,4,4,0.00,234.08,0.00,N/A
104.17.194.223,4,4,0.00,235.30,0.00,N/A
190.93.246.130,4,4,0.00,235.96,0.00,N/A
108.162.199.29,4,4,0.00,236.40,0.00,N/A
104.17.86.119,4,4,0.00,236.48,0.00,N/A
104.16.164.116,4,4,0.00,236.66,0.00,N/A
104.16.143.47,4,4,0.00,238.68,0.00,N/A
190.93.245.248,4,4,0.00,239.38,0.00,N/A
104.16.157.0,4,4,0.00,241.11,0.00,N/A
104.16.206.163,4,4,0.00,241.44,0.00,N/A
104.16.182.66,4,4,0.00,241.48,0.00,N/A
104.17.96.180,4,4,0.00,241.87,0.00,N/A
104.16.117.185,4,4,0.00,242.47,0.00,N/A
104.16.139.53,4,4,0.00,243.21,0.00,N/A
104.17.73.66,4,4,0.00,243.32,0.00,N/A
104.17.206.12,4,4,0.00,245.83,0.00,N/A
104.17.249.98,4,4,0.00,251.50,0.00,N/A
104.17.197.250,4,4,0.00,251.60,0.00,N/A
104.16.188.234,4,4,0.00,251.84,0.00,N/A
104.18.188.49,4,4,0.00,254.13,0.00,N/A
162.159.233.85,4,4,0.00,257.20,0.00,N/A
104.21.16.96,4,4,0.00,280.09,0.00,N/A
104.21.0.19,4,4,0.00,341.59,0.00,N/A
104.21.39.254,4,4,0.00,352.95,0.00,N/A
188.114.98.37,4,4,0.00,355.60,0.00,N/A
104.21.96.242,4,4,0.00,355.93,0.00,N/A
104.21.88.23,4,4,0.00,380.45,0.00,N/A
104.21.121.4,4,4,0.00,386.30,0.00,N/A
104.21.112.160,4,4,0.00,391.35,0.00,N/A
172.67.211.124,4,4,0.00,401.95,0.00,N/A
104.21.75.205,4,4,0.00,407.45,0.00,N/A
104.21.55.11,4,4,0.00,410.93,0.00,N/A
104.27.196.134,4,4,0.00,416.94,0.00,N/A
172.67.191.189,4,4,0.00,422.65,0.00,N/A
104.21.90.30,4,4,0.00,427.43,0.00,N/A
104.21.215.15,4,4,0.00,427.82,0.00,N/A
104.21.106.218,4,4,0.00,428.00,0.00,N/A
104.21.92.209,4,4,0.00,429.81,0.00,N/A
104.21.91.154,4,4,0.00,437.95,0.00,N/A
104.21.213.148,4,4,0.00,441.60,0.00,N/A
104.18.55.245,4,4,0.00,441.68,0.00,N/A
172.67.237.84,4,4,0.00,443.54,0.00,N/A
104.27.202.147,4,4,0.00,445.38,0.00,N/A
172.67.251.51,4,4,0.00,445.78,0.00,N/A
172.67.249.196,4,4,0.00,449.74,0.00,N/A
172.67.250.253,4,4,0.00,450.32,0.00,N/A
104.21.109.98,4,4,0.00,452.77,0.00,N/A
104.21.61.77,4,4,0.00,455.59,0.00,N/A
172.65.35.107,4,4,0.00,455.80,0.00,N/A
172.67.190.3,4,4,0.00,456.18,0.00,N/A
104.21.125.161,4,4,0.00,461.01,0.00,N/A
172.67.130.148,4,4,0.00,469.66,0.00,N/A
104.21.126.233,4,4,0.00,469.70,0.00,N/A
188.114.99.88,4,4,0.00,472.53,0.00,N/A
172.65.26.185,4,4,0.00,479.32,0.00,N/A
172.67.150.117,4,4,0.00,480.21,0.00,N/A
172.67.196.49,4,4,0.00,483.37,0.00,N/A
172.67.212.121,4,4,0.00,498.56,0.00,N/A
172.65.59.76,4,4,0.00,501.96,0.00,N/A
172.67.214.149,4,4,0.00,502.32,0.00,N/A
172.65.37.121,4,4,0.00,505.61,0.00,N/A
104.27.201.229,4,4,0.00,519.03,0.00,N/A
104.20.29.33,4,3,0.25,58.57,0.00,N/A
104.20.17.54,4,3,0.25,60.59,0.00,N/A
104.20.21.143,4,3,0.25,60.81,0.00,N/A
104.20.27.248,4,3,0.25,61.06,0.00,N/A
104.26.7.73,4,3,0.25,61.33,0.00,N/A
104.26.15.73,4,3,0.25,61.54,0.00,N/A
172.65.226.45,4,3,0.25,61.66,0.00,N/A
104.26.10.156,4,3,0.25,61.67,0.00,N/A
172.65.232.212,4,3,0.25,61.72,0.00,N/A
104.26.6.232,4,3,0.25,61.94,0.00,N/A
104.26.5.25,4,3,0.25,61.99,0.00,N/A
104.20.26.85,4,3,0.25,62.04,0.00,N/A
104.26.8.142,4,3,0.25,62.35,0.00,N/A
172.67.64.72,4,3,0.25,62.57,0.00,N/A
104.20.20.81,4,3,0.25,62.66,0.00,N/A
172.67.76.53,4,3,0.25,63.65,0.00,N/A
172.67.71.70,4,3,0.25,63.79,0.00,N/A
104.20.16.217,4,3,0.25,65.67,0.00,N/A
104.17.228.74,4,3,0.25,166.97,0.00,N/A
104.17.159.16,4,3,0.25,170.72,0.00,N/A
104.25.60.140,4,3,0.25,171.32,0.00,N/A
104.18.182.76,4,3,0.25,172.24,0.00,N/A
104.19.157.93,4,3,0.25,173.16,0.00,N/A
104.18.197.40,4,3,0.25,173.77,0.00,N/A
104.25.177.215,4,3,0.25,173.86,0.00,N/A
104.24.91.141,4,3,0.25,174.76,0.00,N/A
104.16.116.232,4,3,0.25,174.99,0.00,N/A
162.159.8.235,4,3,0.25,175.26,0.00,N/A
172.64.176.45,4,3,0.25,175.54,0.00,N/A
162.159.7.164,4,3,0.25,175.68,0.00,N/A
104.25.249.53,4,3,0.25,175.87,0.00,N/A
104.25.179.186,4,3,0.25,176.03,0.00,N/A
172.64.229.135,4,3,0.25,176.24,0.00,N/A
104.24.2.1,4,3,0.25,176.45,0.00,N/A
104.27.88.93,4,3,0.25,176.55,0.00,N/A
104.19.13.254,4,3,0.25,176.58,0.00,N/A
104.17.82.237,4,3,0.25,176.76,0.00,N/A
104.27.87.45,4,3,0.25,177.31,0.00,N/A
104.25.170.36,4,3,0.25,177.43,0.00,N/A
104.20.44.84,4,3,0.25,177.52,0.00,N/A
104.18.27.165,4,3,0.25,177.53,0.00,N/A
104.20.35.53,4,3,0.25,177.60,0.00,N/A
172.65.8.212,4,3,0.25,178.07,0.00,N/A
104.25.84.217,4,3,0.25,178.36,0.00,N/A
172.65.138.95,4,3,0.25,178.66,0.00,N/A
104.19.74.88,4,3,0.25,178.67,0.00,N/A
104.24.140.110,4,3,0.25,178.86,0.00,N/A
104.25.108.241,4,3,0.25,178.91,0.00,N/A
104.27.54.155,4,3,0.25,178.93,0.00,N/A
104.27.99.209,4,3,0.25,178.96,0.00,N/A
104.24.95.9,4,3,0.25,179.05,0.00,N/A
104.27.111.197,4,3,0.25,179.19,0.00,N/A
104.16.21.107,4,3,0.25,179.20,0.00,N/A
104.24.28.183,4,3,0.25,179.26,0.00,N/A
172.67.98.70,4,3,0.25,179.28,0.00,N/A
104.25.156.65,4,3,0.25,179.53,0.00,N/A
104.18.186.121,4,3,0.25,179.65,0.00,N/A
104.25.245.187,4,3,0.25,179.82,0.00,N/A
104.20.7.22,4,3,0.25,179.84,0.00,N/A
104.24.160.195,4,3,0.25,179.85,0.00,N/A
104.24.138.31,4,3,0.25,179.91,0.00,N/A
104.25.189.235,4,3,0.25,179.93,0.00,N/A
172.65.88.152,4,3,0.25,179.97,0.00,N/A
104.19.52.127,4,3,0.25,180.09,0.00,N/A
104.24.252.213,4,3,0.25,180.17,0.00,N/A
104.24.10.46,4,3,0.25,180.33,0.00,N/A
104.16.130.48,4,3,0.25,180.40,0.00,N/A
104.25.113.9,4,3,0.25,180.48,0.00,N/A
104.20.11.228,4,3,0.25,180.57,0.00,N/A
172.65.192.166,4,3,0.25,180.67,0.00,N/A
104.25.105.168,4,3,0.25,180.68,0.00,N/A
172.65.136.129,4,3,0.25,180.76,0.00,N/A
104.19.63.168,4,3,0.25,180.88,0.00,N/A
104.27.11.221,4,3,0.25,180.89,0.00,N/A
172.65.7.183,4,3,0.25,180.90,0.00,N/A
172.66.135.44,4,3,0.25,181.05,0.00,N/A
172.65.96.37,4,3,0.25,181.10,0.00,N/A
172.64.88.181,4,3,0.25,181.31,0.00,N/A
104.27.110.205,4,3,0.25,181.40,0.00,N/A
104.18.6.248,4,3,0.25,181.46,0.00,N/A
172.66.40.139,4,3,0.25,181.49,0.00,N/A
104.24.59.105,4,3,0.25,181.52,0.00,N/A
104.27.33.112,4,3,0.25,181.65,0.00,N/A
172.65.64.105,4,3,0.25,181.79,0.00,N/A
104.25.88.218,4,3,0.25,181.80,0.00,N/A
172.65.214.186,4,3,0.25,181.91,0.00,N/A
172.65.2.247,4,3,0.25,181.99,0.00,N/A
104.25.183.220,4,3,0.25,181.99,0.00,N/A
104.24.38.58,4,3,0.25,182.10,0.00,N/A
162.159.22.15,4,3,0.25,182.14,0.00,N/A
104.24.143.45,4,3,0.25,182.18,0.00,N/A
104.24.12.42,4,3,0.25,182.26,0.00,N/A
104.24.29.159,4,3,0.25,182.32,0.00,N/A
172.65.65.235,4,3,0.25,182.34,0.00,N/A
104.16.134.106,4,3,0.25,182.43,0.00,N/A
104.24.216.71,4,3,0.25,182.46,0.00,N/A
104.18.0.27,4,3,0.25,182.52,0.00,N/A
162.159.18.237,4,3,0.25,182.52,0.00,N/A
172.66.154.97,4,3,0.25,182.54,0.00,N/A
104.24.219.178,4,3,0.25,182.74,0.00,N/A
104.27.14.51,4,3,0.25,182.81,0.00,N/A
104.24.222.211,4,3,0.25,182.96,0.00,N/A
172.67.84.177,4,3,0.25,183.09,0.00,N/A
104.25.246.72,4,3,0.25,183.11,0.00,N/A
104.25.234.121,4,3,0.25,183.16,0.00,N/A
172.67.124.55,4,3,0.25,183.17,0.00,N/A
104.24.217.165,4,3,0.25,183.18,0.00,N/A
104.24.3.94,4,3,0.25,183.31,0.00,N/A
104.24.220.76,4,3,0.25,183.33,0.00,N/A
172.64.151.188,4,3,0.25,183.34,0.00,N/A
104.20.36.202,4,3,0.25,183.35,0.00,N/A
172.67.110.233,4,3,0.25,183.59,0.00,N/A
104.24.221.175,4,3,0.25,183.71,0.00,N/A
104.20.12.4,4,3,0.25,183.77,0.00,N/A
172.66.211.83,4,3,0.25,183.86,0.00,N/A
104.20.42.28,4,3,0.25,183.89,0.00,N/A
162.159.198.43,4,3,0.25,183.93,0.00,N/A
172.67.120.27,4,3,0.25,183.93,0.00,N/A
162.159.20.138,4,3,0.25,183.96,0.00,N/A
172.65.132.187,4,3,0.25,184.01,0.00,N/A
104.17.12.232,4,3,0.25,184.01,0.00,N/A
104.19.33.57,4,3,0.25,184.04,0.00,N/A
104.16.237.176,4,3,0.25,184.08,0.00,N/A
172.67.83.116,4,3,0.25,184.15,0.00,N/A
172.66.138.59,4,3,0.25,184.18,0.00,N/A
104.25.178.113,4,3,0.25,184.19,0.00,N/A
104.27.71.194,4,3,0.25,184.24,0.00,N/A
172.65.76.107,4,3,0.25,184.40,0.00,N/A
104.19.70.26,4,3,0.25,184.40,0.00,N/A
104.19.96.204,4,3,0.25,184.45,0.00,N/A
172.66.206.183,4,3,0.25,184.51,0.00,N/A
104.16.167.223,4,3,0.25,184.55,0.00,N/A
104.25.188.201,4,3,0.25,184.63,0.00,N/A
104.25.176.35,4,3,0.25,184.68,0.00,N/A
104.19.69.134,4,3,0.25,184.74,0.00,N/A
104.25.161.182,4,3,0.25,184.79,0.00,N/A
162.159.197.176,4,3,0.25,184.81,0.00,N/A
172.66.133.147,4,3,0.25,184.92,0.00,N/A
172.64.35.143,4,3,0.25,184.95,0.00,N/A
104.25.85.118,4,3,0.25,185.01,0.00,N/A
104.24.31.113,4,3,0.25,185.04,0.00,N/A
172.65.243.92,4,3,0.25,185.09,0.00,N/A
104.18.67.27,4,3,0.25,185.16,0.00,N/A
162.159.10.243,4,3,0.25,185.24,0.00,N/A
162.159.213.36,4,3,0.25,185.28,0.00,N/A
104.20.32.50,4,3,0.25,185.28,0.00,N/A
104.19.0.104,4,3,0.25,185.29,0.00,N/A
104.25.159.185,4,3,0.25,185.31,0.00,N/A
104.24.18.221,4,3,0.25,185.39,0.00,N/A
104.27.97.149,4,3,0.25,185.47,0.00,N/A
172.67.118.40,4,3,0.25,185.57,0.00,N/A
104.24.223.243,4,3,0.25,185.75,0.00,N/A
104.24.63.129,4,3,0.25,185.76,0.00,N/A
104.27.32.58,4,3,0.25,185.91,0.00,N/A
104.19.37.1,4,3,0.25,185.96,0.00,N/A
172.67.85.85,4,3,0.25,186.06,0.00,N/A
104.17.65.30,4,3,0.25,186.08,0.00,N/A
104.24.67.242,4,3,0.25,186.09,0.00,N/A
104.24.16.176,4,3,0.25,186.28,0.00,N/A
104.16.16.71,4,3,0.25,186.33,0.00,N/A
104.25.115.131,4,3,0.25,186.38,0.00,N/A
172.65.183.35,4,3,0.25,186.40,0.00,N/A
172.64.153.16,4,3,0.25,186.50,0.00,N/A
104.25.175.239,4,3,0.25,186.53,0.00,N/A
104.25.126.82,4,3,0.25,186.67,0.00,N/A
172.67.108.77,4,3,0.25,186.84,0.00,N/A
104.27.10.56,4,3,0.25,186.85,0.00,N/A
104.24.82.240,4,3,0.25,186.90,0.00,N/A
172.65.9.196,4,3,0.25,186.96,0.00,N/A
172.64.87.177,4,3,0.25,187.01,0.00,N/A
104.19.30.74,4,3,0.25,187.04,0.00,N/A
162.159.235.101,4,3,0.25,187.05,0.00,N/A
104.16.109.118,4,3,0.25,187.06,0.00,N/A
104.24.27.39,4,3,0.25,187.12,0.00,N/A
104.24.5.244,4,3,0.25,187.12,0.00,N/A
104.24.134.158,4,3,0.25,187.14,0.00,N/A
172.65.154.151,4,3,0.25,187.17,0.00,N/A
172.65.150.230,4,3,0.25,187.20,0.00,N/A
172.65.251.175,4,3,0.25,187.25,0.00,N/A
172.65.242.19,4,3,0.25,187.29,0.00,N/A
104.27.26.14,4,3,0.25,187.38,0.00,N/A
104.19.214.136,4,3,0.25,187.40,0.00,N/A
104.18.23.133,4,3,0.25,187.42,0.00,N/A
172.65.177.170,4,3,0.25,187.43,0.00,N/A
104.27.25.65,4,3,0.25,187.44,0.00,N/A
172.66.216.169,4,3,0.25,187.45,0.00,N/A
104.25.14.201,4,3,0.25,187.45,0.00,N/A
162.159.253.176,4,3,0.25,187.45,0.00,N/A
104.25.145.189,4,3,0.25,187.46,0.00,N/A
104.25.51.129,4,3,0.25,187.48,0.00,N/A
162.159.196.47,4,3,0.25,187.49,0.00,N/A
104.25.244.51,4,3,0.25,187.50,0.00,N/A
104.25.255.183,4,3,0.25,187.53,0.00,N/A
172.65.78.120,4,3,0.25,187.54,0.00,N/A
104.24.1.19,4,3,0.25,187.64,0.00,N/A
172.65.129.168,4,3,0.25,187.70,0.00,N/A
104.25.61.198,4,3,0.25,187.70,0.00,N/A
104.24.71.94,4,3,0.25,187.73,0.00,N/A
104.19.23.152,4,3,0.25,187.75,0.00,N/A
162.159.21.252,4,3,0.25,187.75,0.00,N/A
172.65.5.89,4,3,0.25,187.85,0.00,N/A
104.18.36.44,4,3,0.25,187.92,0.00,N/A
104.16.113.105,4,3,0.25,187.95,0.00,N/A
172.64.32.91,4,3,0.25,187.99,0.00,N/A
104.19.36.92,4,3,0.25,188.17,0.00,N/A
104.25.190.21,4,3,0.25,188.17,0.00,N/A
104.17.22.134,4,3,0.25,188.17,0.00,N/A
172.67.101.77,4,3,0.25,188.21,0.00,N/A
104.27.7.175,4,3,0.25,188.22,0.00,N/A
162.159.206.45,4,3,0.25,188.23,0.00,N/A
172.65.131.21,4,3,0.25,188.26,0.00,N/A
104.24.210.32,4,3,0.25,188.32,0.00,N/A
104.24.135.228,4,3,0.25,188.46,0.00,N/A
104.27.43.190,4,3,0.25,188.54,0.00,N/A
104.24.211.91,4,3,0.25,188.59,0.00,N/A
104.27.91.146,4,3,0.25,188.60,0.00,N/A
104.25.174.161,4,3,0.25,188.73,0.00,N/A
104.27.65.228,4,3,0.25,188.75,0.00,N/A
104.19.64.235,4,3,0.25,188.83,0.00,N/A
104.18.26.222,4,3,0.25,188.92,0.00,N/A
104.27.109.141,4,3,0.25,188.95,0.00,N/A
104.24.60.104,4,3,0.25,188.99,0.00,N/A
104.25.247.144,4,3,0.25,189.00,0.00,N/A
104.19.34.170,4,3,0.25,189.06,0.00,N/A
172.66.169.234,4,3,0.25,189.08,0.00,N/A
172.65.104.24,4,3,0.25,189.11,0.00,N/A
104.18.22.154,4,3,0.25,189.12,0.00,N/A
172.64.53.213,4,3,0.25,189.16,0.00,N/A
104.25.146.115,4,3,0.25,189.23,0.00,N/A
104.27.56.166,4,3,0.25,189.35,0.00,N/A
104.25.44.58,4,3,0.25,189.35,0.00,N/A
172.65.176.156,4,3,0.25,189.40,0.00,N/A
172.65.69.238,4,3,0.25,189.46,0.00,N/A
104.29.152.216,4,3,0.25,189.46,0.00,N/A
172.65.72.184,4,3,0.25,189.46,0.00,N/A
104.27.58.135,4,3,0.25,189.47,0.00,N/A
172.64.86.232,4,3,0.25,189.47,0.00,N/A
104.18.5.116,4,3,0.25,189.47,0.00,N/A
104.25.39.200,4,3,0.25,189.55,0.00,N/A
104.17.119.224,4,3,0.25,189.65,0.00,N/A
104.24.254.0,4,3,0.25,189.71,0.00,N/A
104.19.35.238,4,3,0.25,189.77,0.00,N/A
172.65.13.163,4,3,0.25,189.79,0.00,N/A
162.159.143.30,4,3,0.25,189.81,0.00,N/A
172.65.223.91,4,3,0.25,189.89,0.00,N/A
104.19.9.85,4,3,0.25,189.93,0.00,N/A
104.17.169.46,4,3,0.25,189.93,0.00,N/A
172.66.194.245,4,3,0.25,189.94,0.00,N/A
104.24.133.122,4,3,0.25,189.98,0.00,N/A
104.24.218.139,4,3,0.25,190.03,0.00,N/A
162.159.4.19,4,3,0.25,190.07,0.00,N/A
172.66.141.29,4,3,0.25,190.12,0.00,N/A
104.21.225.141,4,3,0.25,190.15,0.00,N/A
162.159.138.122,4,3,0.25,190.16,0.00,N/A
172.65.245.24,4,3,0.25,190.17,0.00,N/A
104.18.31.6,4,3,0.25,190.19,0.00,N/A
172.64.38.115,4,3,0.25,190.21,0.00,N/A
104.25.158.46,4,3,0.25,190.26,0.00,N/A
172.65.125.173,4,3,0.25,190.30,0.00,N/A
104.17.200.106,4,3,0.25,190.33,0.00,N/A
172.66.139.35,4,3,0.25,190.39,0.00,N/A
172.65.137.52,4,3,0.25,190.44,0.00,N/A
104.25.235.70,4,3,0.25,190.46,0.00,N/A
104.20.33.22,4,3,0.25,190.53,0.00,N/A
162.159.152.222,4,3,0.25,190.53,0.00,N/A
172.66.47.175,4,3,0.25,190.56,0.00,N/A
172.64.49.247,4,3,0.25,190.63,0.00,N/A
172.64.89.90,4,3,0.25,190.65,0.00,N/A
172.64.47.158,4,3,0.25,190.73,0.00,N/A
104.19.50.140,4,3,0.25,190.75,0.00,N/A
162.159.207.37,4,3,0.25,190.76,0.00,N/A
172.66.156.205,4,3,0.25,190.78,0.00,N/A
172.65.85.108,4,3,0.25,190.88,0.00,N/A
172.65.4.112,4,3,0.25,191.03,0.00,N/A
172.65.86.143,4,3,0.25,191.04,0.00,N/A
104.24.92.218,4,3,0.25,191.04,0.00,N/A
104.16.125.224,4,3,0.25,191.08,0.00,N/A
162.159.212.214,4,3,0.25,191.13,0.00,N/A
172.65.191.116,4,3,0.25,191.13,0.00,N/A
104.27.81.11,4,3,0.25,191.15,0.00,N/A
104.27.96.4,4,3,0.25,191.21,0.00,N/A
172.64.230.49,4,3,0.25,191.23,0.00,N/A
104.24.58.83,4,3,0.25,191.32,0.00,N/A
162.159.202.44,4,3,0.25,191.36,0.00,N/A
104.16.180.197,4,3,0.25,191.37,0.00,N/A
172.64.52.103,4,3,0.25,191.38,0.00,N/A
172.65.178.58,4,3,0.25,191.41,0.00,N/A
104.18.29.9,4,3,0.25,191.42,0.00,N/A
172.66.212.145,4,3,0.25,191.44,0.00,N/A
104.24.66.76,4,3,0.25,191.45,0.00,N/A
104.25.38.226,4,3,0.25,191.50,0.00,N/A
104.17.221.42,4,3,0.25,191.53,0.00,N/A
104.18.80.69,4,3,0.25,191.56,0.00,N/A
104.25.3.118,4,3,0.25,191.74,0.00,N/A
104.20.5.117,4,3,0.25,191.98,0.00,N/A
104.25.172.103,4,3,0.25,192.03,0.00,N/A
104.18.4.50,4,3,0.25,192.10,0.00,N/A
104.27.93.52,4,3,0.25,192.20,0.00,N/A
104.24.4.174,4,3,0.25,192.30,0.00,N/A
104.24.48.54,4,3,0.25,192.52,0.00,N/A
172.65.247.107,4,3,0.25,192.74,0.00,N/A
104.16.234.152,4,3,0.25,192.81,0.00,N/A
104.25.73.109,4,3,0.25,192.90,0.00,N/A
104.17.63.63,4,3,0.25,192.91,0.00,N/A
104.24.65.65,4,3,0.25,192.94,0.00,N/A
172.65.159.135,4,3,0.25,192.97,0.00,N/A
104.18.190.165,4,3,0.25,193.11,0.00,N/A
172.64.154.196,4,3,0.25,193.12,0.00,N/A
104.25.160.231,4,3,0.25,193.21,0.00,N/A
104.20.8.205,4,3,0.25,193.38,0.00,N/A
104.16.163.203,4,3,0.25,193.84,0.00,N/A
104.19.109.110,4,3,0.25,194.42,0.00,N/A
104.16.176.35,4,3,0.25,194.72,0.00,N/A
104.18.244.165,4,3,0.25,194.87,0.00,N/A
172.65.77.92,4,3,0.25,195.03,0.00,N/A
104.18.222.120,4,3,0.25,195.22,0.00,N/A
172.64.150.4,4,3,0.25,195.86,0.00,N/A
104.16.200.228,4,3,0.25,196.00,0.00,N/A
104.17.21.179,4,3,0.25,196.03,0.00,N/A
104.16.111.252,4,3,0.25,196.33,0.00,N/A
104.18.189.17,4,3,0.25,196.51,0.00,N/A
104.17.241.2,4,3,0.25,196.56,0.00,N/A
104.17.66.79,4,3,0.25,196.59,0.00,N/A
104.18.210.8,4,3,0.25,196.82,0.00,N/A
104.17.209.48,4,3,0.25,196.87,0.00,N/A
104.17.33.229,4,3,0.25,196.90,0.00,N/A
104.17.161.21,4,3,0.25,197.07,0.00,N/A
104.16.229.124,4,3,0.25,197.16,0.00,N/A
104.17.153.53,4,3,0.25,197.46,0.00,N/A
104.16.115.184,4,3,0.25,197.94,0.00,N/A
104.19.187.134,4,3,0.25,198.24,0.00,N/A
104.16.27.25,4,3,0.25,198.61,0.00,N/A
172.64.42.137,4,3,0.25,198.80,0.00,N/A
104.16.34.89,4,3,0.25,198.85,0.00,N/A
104.17.127.40,4,3,0.25,198.88,0.00,N/A
104.16.4.241,4,3,0.25,198.94,0.00,N/A
104.17.207.141,4,3,0.25,198.97,0.00,N/A
104.16.17.168,4,3,0.25,199.02,0.00,N/A
104.16.175.194,4,3,0.25,199.28,0.00,N/A
104.18.225.234,4,3,0.25,199.35,0.00,N/A
104.18.193.173,4,3,0.25,199.39,0.00,N/A
104.19.241.183,4,3,0.25,199.90,0.00,N/A
104.17.158.23,4,3,0.25,200.29,0.00,N/A
104.17.44.52,4,3,0.25,200.56,0.00,N/A
104.16.168.25,4,3,0.25,200.58,0.00,N/A
104.17.162.125,4,3,0.25,200.58,0.00,N/A
104.17.107.157,4,3,0.25,200.80,0.00,N/A
104.17.13.139,4,3,0.25,200.84,0.00,N/A
104.17.85.18,4,3,0.25,200.87,0.00,N/A
104.16.236.65,4,3,0.25,200.95,0.00,N/A
104.16.187.100,4,3,0.25,201.15,0.00,N/A
104.18.220.146,4,3,0.25,201.33,0.00,N/A
104.18.183.231,4,3,0.25,201.49,0.00,N/A
104.16.121.130,4,3,0.25,201.96,0.00,N/A
104.18.66.230,4,3,0.25,202.26,0.00,N/A
104.17.232.205,4,3,0.25,202.45,0.00,N/A
104.17.95.215,4,3,0.25,202.55,0.00,N/A
104.18.78.187,4,3,0.25,202.58,0.00,N/A
104.17.227.162,4,3,0.25,202.75,0.00,N/A
104.16.184.158,4,3,0.25,202.85,0.00,N/A
104.18.187.173,4,3,0.25,203.04,0.00,N/A
104.16.233.122,4,3,0.25,203.46,0.00,N/A
104.17.6.163,4,3,0.25,203.65,0.00,N/A
104.16.119.73,4,3,0.25,204.23,0.00,N/A
104.16.177.169,4,3,0.25,204.79,0.00,N/A
104.17.252.247,4,3,0.25,205.04,0.00,N/A
104.18.126.143,4,3,0.25,205.09,0.00,N/A
104.19.163.195,4,3,0.25,205.19,0.00,N/A
104.17.225.236,4,3,0.25,205.51,0.00,N/A
104.18.212.75,4,3,0.25,205.71,0.00,N/A
104.17.129.151,4,3,0.25,205.73,0.00,N/A
104.18.196.38,4,3,0.25,205.86,0.00,N/A
104.17.151.145,4,3,0.25,205.90,0.00,N/A
104.17.113.191,4,3,0.25,205.92,0.00,N/A
104.16.254.143,4,3,0.25,206.20,0.00,N/A
104.16.83.123,4,3,0.25,206.23,0.00,N/A
104.17.142.2,4,3,0.25,206.41,0.00,N/A
104.16.199.199,4,3,0.25,207.20,0.00,N/A
104.16.108.239,4,3,0.25,207.30,0.00,N/A
104.16.118.174,4,3,0.25,207.41,0.00,N/A
104.17.20.154,4,3,0.25,207.41,0.00,N/A
104.21.229.254,4,3,0.25,207.47,0.00,N/A
104.17.199.10,4,3,0.25,207.59,0.00,N/A
104.18.117.154,4,3,0.25,207.96,0.00,N/A
104.17.240.198,4,3,0.25,208.03,0.00,N/A
104.16.40.232,4,3,0.25,208.04,0.00,N/A
104.16.214.242,4,3,0.25,208.14,0.00,N/A
104.16.78.251,4,3,0.25,208.22,0.00,N/A
104.17.184.112,4,3,0.25,208.67,0.00,N/A
104.16.161.94,4,3,0.25,208.73,0.00,N/A
104.19.240.248,4,3,0.25,208.89,0.00,N/A
104.16.92.114,4,3,0.25,208.91,0.00,N/A
104.16.165.5,4,3,0.25,208.92,0.00,N/A
104.17.226.197,4,3,0.25,209.22,0.00,N/A
104.16.126.115,4,3,0.25,209.42,0.00,N/A
104.17.203.177,4,3,0.25,210.37,0.00,N/A
104.16.93.236,4,3,0.25,210.83,0.00,N/A
104.16.195.35,4,3,0.25,210.96,0.00,N/A
104.16.41.73,4,3,0.25,211.13,0.00,N/A
104.16.194.241,4,3,0.25,211.21,0.00,N/A
104.17.196.212,4,3,0.25,211.80,0.00,N/A
104.16.218.100,4,3,0.25,211.94,0.00,N/A
104.17.132.193,4,3,0.25,212.97,0.00,N/A
104.16.77.212,4,3,0.25,213.32,0.00,N/A
162.159.160.146,4,3,0.25,213.35,0.00,N/A
104.17.141.136,4,3,0.25,213.54,0.00,N/A
104.18.191.221,4,3,0.25,213.68,0.00,N/A
104.16.44.103,4,3,0.25,213.93,0.00,N/A
104.19.161.108,4,3,0.25,214.44,0.00,N/A
104.16.58.32,4,3,0.25,214.89,0.00,N/A
104.19.160.226,4,3,0.25,215.58,0.00,N/A
104.17.224.17,4,3,0.25,215.62,0.00,N/A
104.17.144.127,4,3,0.25,215.63,0.00,N/A
108.162.198.104,4,3,0.25,215.67,0.00,N/A
104.17.208.59,4,3,0.25,215.72,0.00,N/A
141.101.115.22,4,3,0.25,215.94,0.00,N/A
104.17.111.195,4,3,0.25,216.00,0.00,N/A
104.17.163.234,4,3,0.25,216.02,0.00,N/A
104.19.232.243,4,3,0.25,216.79,0.00,N/A
104.16.242.167,4,3,0.25,217.08,0.00,N/A
104.16.53.183,4,3,0.25,217.11,0.00,N/A
104.17.139.99,4,3,0.25,217.20,0.00,N/A
104.19.233.14,4,3,0.25,217.50,0.00,N/A
104.17.97.21,4,3,0.25,217.52,0.00,N/A
104.19.185.185,4,3,0.25,217.58,0.00,N/A
104.17.115.173,4,3,0.25,217.90,0.00,N/A
104.17.116.142,4,3,0.25,218.48,0.00,N/A
104.19.186.211,4,3,0.25,218.49,0.00,N/A
104.17.131.38,4,3,0.25,219.17,0.00,N/A
104.18.162.159,4,3,0.25,219.20,0.00,N/A
104.17.175.86,4,3,0.25,220.39,0.00,N/A
104.18.103.84,4,3,0.25,220.58,0.00,N/A
104.19.147.89,4,3,0.25,221.03,0.00,N/A
104.17.231.18,4,3,0.25,221.31,0.00,N/A
104.16.186.15,4,3,0.25,221.74,0.00,N/A
104.17.68.119,4,3,0.25,222.00,0.00,N/A
104.16.179.185,4,3,0.25,222.41,0.00,N/A
104.17.69.52,4,3,0.25,223.01,0.00,N/A
162.159.234.16,4,3,0.25,223.04,0.00,N/A
104.17.134.19,4,3,0.25,223.23,0.00,N/A
104.17.234.22,4,3,0.25,223.28,0.00,N/A
104.16.90.182,4,3,0.25,223.40,0.00,N/A
104.18.81.0,4,3,0.25,223.88,0.00,N/A
104.17.106.119,4,3,0.25,224.14,0.00,N/A
104.16.72.58,4,3,0.25,224.19,0.00,N/A
104.16.185.2,4,3,0.25,225.10,0.00,N/A
104.19.209.115,4,3,0.25,225.21,0.00,N/A
104.17.215.12,4,3,0.25,225.23,0.00,N/A
104.19.239.119,4,3,0.25,225.27,0.00,N/A
104.17.80.214,4,3,0.25,225.60,0.00,N/A
104.16.47.242,4,3,0.25,225.78,0.00,N/A
104.16.38.243,4,3,0.25,225.87,0.00,N/A
104.17.7.70,4,3,0.25,226.07,0.00,N/A
104.16.135.101,4,3,0.25,226.24,0.00,N/A
104.17.140.243,4,3,0.25,226.47,0.00,N/A
104.17.103.195,4,3,0.25,226.56,0.00,N/A
104.17.112.16,4,3,0.25,226.62,0.00,N/A
104.16.105.15,4,3,0.25,226.70,0.00,N/A
104.17.117.16,4,3,0.25,226.78,0.00,N/A
104.18.228.160,4,3,0.25,227.68,0.00,N/A
104.17.128.204,4,3,0.25,228.04,0.00,N/A
104.17.236.62,4,3,0.25,228.93,0.00,N/A
104.16.219.120,4,3,0.25,229.20,0.00,N/A
104.16.189.125,4,3,0.25,229.62,0.00,N/A
104.17.72.56,4,3,0.25,229.73,0.00,N/A
104.16.103.54,4,3,0.25,229.73,0.00,N/A
104.16.196.159,4,3,0.25,229.87,0.00,N/A
104.17.126.165,4,3,0.25,230.50,0.00,N/A
104.18.239.149,4,3,0.25,230.80,0.00,N/A
104.17.136.231,4,3,0.25,231.10,0.00,N/A
104.17.251.117,4,3,0.25,231.41,0.00,N/A
104.17.204.89,4,3,0.25,231.83,0.00,N/A
104.17.110.208,4,3,0.25,232.44,0.00,N/A
104.17.105.140,4,3,0.25,232.74,0.00,N/A
104.18.214.68,4,3,0.25,232.92,0.00,N/A
162.159.232.100,4,3,0.25,233.55,0.00,N/A
104.16.120.127,4,3,0.25,233.67,0.00,N/A
104.17.89.249,4,3,0.25,233.78,0.00,N/A
104.17.171.67,4,3,0.25,233.78,0.00,N/A
104.17.245.186,4,3,0.25,234.30,0.00,N/A
104.17.195.17,4,3,0.25,234.46,0.00,N/A
104.17.173.204,4,3,0.25,234.53,0.00,N/A
104.17.248.165,4,3,0.25,234.70,0.00,N/A
104.19.238.130,4,3,0.25,235.13,0.00,N/A
104.18.194.66,4,3,0.25,235.27,0.00,N/A
104.17.176.138,4,3,0.25,235.43,0.00,N/A
104.18.241.87,4,3,0.25,235.49,0.00,N/A
104.16.110.56,4,3,0.25,236.39,0.00,N/A
104.19.171.9,4,3,0.25,237.58,0.00,N/A
104.16.212.22,4,3,0.25,237.71,0.00,N/A
104.16.160.217,4,3,0.25,237.79,0.00,N/A
104.16.178.226,4,3,0.25,237.87,0.00,N/A
104.19.230.64,4,3,0.25,238.19,0.00,N/A
104.16.35.19,4,3,0.25,238.23,0.00,N/A
104.19.162.137,4,3,0.25,238.30,0.00,N/A
104.17.244.99,4,3,0.25,238.79,0.00,N/A
104.17.198.97,4,3,0.25,239.03,0.00,N/A
104.17.114.204,4,3,0.25,239.23,0.00,N/A
104.17.138.2,4,3,0.25,239.46,0.00,N/A
104.16.172.157,4,3,0.25,239.61,0.00,N/A
104.17.212.108,4,3,0.25,240.13,0.00,N/A
172.64.39.55,4,3,0.25,240.23,0.00,N/A
104.16.39.204,4,3,0.25,240.48,0.00,N/A
104.19.178.6,4,3,0.25,240.89,0.00,N/A
104.19.166.84,4,3,0.25,241.48,0.00,N/A
104.17.38.248,4,3,0.25,242.72,0.00,N/A
104.19.170.38,4,3,0.25,243.41,0.00,N/A
104.16.54.41,4,3,0.25,244.04,0.00,N/A
104.16.183.162,4,3,0.25,244.77,0.00,N/A
104.18.230.18,4,3,0.25,247.64,0.00,N/A
104.17.217.37,4,3,0.25,249.37,0.00,N/A
104.16.171.178,4,3,0.25,250.25,0.00,N/A
104.18.236.223,4,3,0.25,251.42,0.00,N/A
104.16.30.202,4,3,0.25,252.15,0.00,N/A
162.159.209.59,4,3,0.25,252.99,0.00,N/A
104.16.155.172,4,3,0.25,253.00,0.00,N/A
104.17.152.178,4,3,0.25,253.92,0.00,N/A
104.18.218.196,4,3,0.25,256.11,0.00,N/A
104.17.108.5,4,3,0.25,256.27,0.00,N/A
104.16.22.173,4,3,0.25,257.89,0.00,N/A
104.19.181.53,4,3,0.25,259.26,0.00,N/A
104.17.133.28,4,3,0.25,260.73,0.00,N/A
104.18.217.7,4,3,0.25,275.03,0.00,N/A
104.29.143.188,4,3,0.25,292.95,0.00,N/A
104.21.120.243,4,3,0.25,309.19,0.00,N/A
104.21.13.87,4,3,0.25,330.58,0.00,N/A
104.21.14.51,4,3,0.25,349.75,0.00,N/A
104.21.9.135,4,3,0.25,353.10,0.00,N/A
172.67.247.53,4,3,0.25,358.81,0.00,N/A
104.19.142.133,4,3,0.25,362.22,0.00,N/A
172.65.36.91,4,3,0.25,362.82,0.00,N/A
104.21.77.23,4,3,0.25,362.86,0.00,N/A
172.65.27.238,4,3,0.25,366.07,0.00,N/A
104.21.117.103,4,3,0.25,370.32,0.00,N/A
104.21.1.24,4,3,0.25,373.82,0.00,N/A
104.27.204.83,4,3,0.25,374.20,0.00,N/A
172.65.20.82,4,3,0.25,378.65,0.00,N/A
162.159.195.111,4,3,0.25,380.27,0.00,N/A
104.21.127.69,4,3,0.25,384.44,0.00,N/A
104.18.57.15,4,3,0.25,389.23,0.00,N/A
104.18.56.190,4,3,0.25,389.48,0.00,N/A
104.21.98.113,4,3,0.25,393.89,0.00,N/A
104.21.41.117,4,3,0.25,397.07,0.00,N/A
104.21.122.84,4,3,0.25,397.88,0.00,N/A
172.67.215.67,4,3,0.25,398.72,0.00,N/A
104.21.113.130,4,3,0.25,402.24,0.00,N/A
104.21.124.174,4,3,0.25,407.33,0.00,N/A
104.21.83.122,4,3,0.25,407.47,0.00,N/A
104.21.8.61,4,3,0.25,408.20,0.00,N/A
104.21.74.38,4,3,0.25,412.05,0.00,N/A
104.21.123.125,4,3,0.25,413.20,0.00,N/A
104.21.114.51,4,3,0.25,414.74,0.00,N/A
104.21.219.121,4,3,0.25,416.77,0.00,N/A
104.21.216.203,4,3,0.25,417.42,0.00,N/A
172.65.42.61,4,3,0.25,418.78,0.00,N/A
104.21.2.67,4,3,0.25,419.86,0.00,N/A
104.21.119.244,4,3,0.25,422.24,0.00,N/A
104.21.72.185,4,3,0.25,423.05,0.00,N/A
172.67.149.254,4,3,0.25,423.49,0.00,N/A
172.67.151.24,4,3,0.25,426.48,0.00,N/A
104.27.194.179,4,3,0.25,432.41,0.00,N/A
172.65.56.178,4,3,0.25,433.30,0.00,N/A
172.67.192.72,4,3,0.25,434.79,0.00,N/A
104.21.89.74,4,3,0.25,438.55,0.00,N/A
172.67.225.138,4,3,0.25,439.99,0.00,N/A
104.21.110.197,4,3,0.25,441.45,0.00,N/A
104.21.202.103,4,3,0.25,442.20,0.00,N/A
104.19.128.140,4,3,0.25,448.41,0.00,N/A
104.21.12.234,4,3,0.25,451.47,0.00,N/A
172.67.213.65,4,3,0.25,454.03,0.00,N/A
172.67.174.141,4,3,0.25,456.55,0.00,N/A
104.21.107.37,4,3,0.25,457.04,0.00,N/A
172.67.152.170,4,3,0.25,457.61,0.00,N/A
172.67.204.5,4,3,0.25,458.60,0.00,N/A
172.65.55.97,4,3,0.25,464.04,0.00,N/A
172.67.208.17,4,3,0.25,464.50,0.00,N/A
104.21.56.136,4,3,0.25,464.50,0.00,N/A
162.159.192.102,4,3,0.25,464.67,0.00,N/A
104.21.104.149,4,3,0.25,468.28,0.00,N/A
172.65.61.198,4,3,0.25,470.40,0.00,N/A
172.67.206.212,4,3,0.25,470.75,0.00,N/A
104.27.203.67,4,3,0.25,476.02,0.00,N/A
172.67.207.202,4,3,0.25,476.17,0.00,N/A
104.21.108.207,4,3,0.25,477.05,0.00,N/A
104.21.115.44,4,3,0.25,477.74,0.00,N/A
172.65.25.167,4,3,0.25,485.67,0.00,N/A
172.65.23.200,4,3,0.25,486.56,0.00,N/A
172.65.48.144,4,3,0.25,488.33,0.00,N/A
172.67.205.152,4,3,0.25,489.92,0.00,N/A
104.21.221.204,4,3,0.25,495.59,0.00,N/A
104.18.62.15,4,3,0.25,501.73,0.00,N/A
172.67.246.201,4,3,0.25,502.16,0.00,N/A
172.67.254.87,4,3,0.25,505.71,0.00,N/A
172.67.243.11,4,3,0.25,506.45,0.00,N/A
104.21.198.68,4,3,0.25,507.47,0.00,N/A
172.65.62.209,4,3,0.25,507.92,0.00,N/A
172.67.245.203,4,3,0.25,511.53,0.00,N/A
172.67.235.63,4,3,0.25,516.76,0.00,N/A
172.67.197.137,4,3,0.25,518.63,0.00,N/A
172.67.65.14,4,2,0.50,59.88,0.00,N/A
104.26.14.136,4,2,0.50,60.35,0.00,N/A
104.20.25.165,4,2,0.50,60.52,0.00,N/A
104.26.3.142,4,2,0.50,60.57,0.00,N/A
104.26.4.180,4,2,0.50,61.26,0.00,N/A
104.20.19.228,4,2,0.50,61.36,0.00,N/A
104.20.22.142,4,2,0.50,61.54,0.00,N/A
104.20.24.156,4,2,0.50,61.90,0.00,N/A
104.20.30.10,4,2,0.50,62.05,0.00,N/A
172.65.233.104,4,2,0.50,62.33,0.00,N/A
104.20.23.140,4,2,0.50,62.61,0.00,N/A
104.26.11.73,4,2,0.50,62.91,0.00,N/A
172.65.227.192,4,2,0.50,63.48,0.00,N/A
104.26.12.244,4,2,0.50,63.91,0.00,N/A
104.20.28.98,4,2,0.50,63.96,0.00,N/A
172.67.67.227,4,2,0.50,64.10,0.00,N/A
104.16.82.122,4,2,0.50,161.02,0.00,N/A
104.18.83.4,4,2,0.50,161.55,0.00,N/A
104.18.250.233,4,2,0.50,163.02,0.00,N/A
104.18.233.118,4,2,0.50,163.03,0.00,N/A
104.16.100.0,4,2,0.50,164.45,0.00,N/A
104.16.73.18,4,2,0.50,166.50,0.00,N/A
104.16.170.175,4,2,0.50,170.01,0.00,N/A
172.67.87.121,4,2,0.50,170.38,0.00,N/A
104.21.233.5,4,2,0.50,170.92,0.00,N/A
104.19.200.116,4,2,0.50,171.89,0.00,N/A
104.19.202.36,4,2,0.50,173.57,0.00,N/A
104.24.20.111,4,2,0.50,173.73,0.00,N/A
104.25.81.27,4,2,0.50,174.06,0.00,N/A
104.19.56.81,4,2,0.50,174.43,0.00,N/A
172.67.100.144,4,2,0.50,174.81,0.00,N/A
104.24.141.173,4,2,0.50,175.02,0.00,N/A
104.19.199.95,4,2,0.50,175.37,0.00,N/A
104.18.13.118,4,2,0.50,175.53,0.00,N/A
104.19.89.241,4,2,0.50,175.56,0.00,N/A
172.64.156.15,4,2,0.50,175.60,0.00,N/A
104.21.230.145,4,2,0.50,175.88,0.00,N/A
104.19.197.140,4,2,0.50,175.90,0.00,N/A
104.19.205.129,4,2,0.50,175.90,0.00,N/A
104.27.55.24,4,2,0.50,176.00,0.00,N/A
104.27.79.99,4,2,0.50,176.21,0.00,N/A
172.65.83.127,4,2,0.50,176.46,0.00,N/A
104.27.19.51,4,2,0.50,176.54,0.00,N/A
104.27.59.64,4,2,0.50,176.54,0.00,N/A
104.25.91.108,4,2,0.50,176.73,0.00,N/A
104.24.155.159,4,2,0.50,176.88,0.00,N/A
104.24.239.86,4,2,0.50,177.00,0.00,N/A
104.25.103.155,4,2,0.50,177.02,0.00,N/A
172.66.146.182,4,2,0.50,177.11,0.00,N/A
104.20.40.76,4,2,0.50,177.14,0.00,N/A
104.19.82.37,4,2,0.50,177.18,0.00,N/A
104.27.90.100,4,2,0.50,177.41,0.00,N/A
104.25.59.110,4,2,0.50,177.60,0.00,N/A
104.27.35.223,4,2,0.50,177.74,0.00,N/A
104.25.208.94,4,2,0.50,177.75,0.00,N/A
172.65.169.160,4,2,0.50,177.80,0.00,N/A
104.27.120.96,4,2,0.50,177.84,0.00,N/A
104.24.128.69,4,2,0.50,177.91,0.00,N/A
104.27.8.181,4,2,0.50,177.98,0.00,N/A
172.66.136.125,4,2,0.50,178.05,0.00,N/A
104.24.232.246,4,2,0.50,178.10,0.00,N/A
104.18.7.181,4,2,0.50,178.17,0.00,N/A
172.64.158.99,4,2,0.50,178.32,0.00,N/A
104.16.95.216,4,2,0.50,178.38,0.00,N/A
172.66.214.238,4,2,0.50,178.60,0.00,N/A
104.24.147.90,4,2,0.50,178.77,0.00,N/A
172.65.121.49,4,2,0.50,178.85,0.00,N/A
104.19.87.206,4,2,0.50,178.92,0.00,N/A
104.24.246.27,4,2,0.50,179.00,0.00,N/A
104.25.50.234,4,2,0.50,179.10,0.00,N/A
104.25.181.121,4,2,0.50,179.21,0.00,N/A
172.66.134.101,4,2,0.50,179.27,0.00,N/A
172.64.83.44,4,2,0.50,179.47,0.00,N/A
104.24.131.127,4,2,0.50,179.51,0.00,N/A
104.24.235.136,4,2,0.50,179.57,0.00,N/A
104.19.77.29,4,2,0.50,179.65,0.00,N/A
172.65.10.109,4,2,0.50,179.66,0.00,N/A
172.67.88.82,4,2,0.50,179.69,0.00,N/A
104.27.15.253,4,2,0.50,179.97,0.00,N/A
104.18.30.30,4,2,0.50,180.01,0.00,N/A
104.25.221.140,4,2,0.50,180.15,0.00,N/A
104.18.99.224,4,2,0.50,180.21,0.00,N/A
104.18.213.131,4,2,0.50,180.31,0.00,N/A
172.66.199.52,4,2,0.50,180.54,0.00,N/A
172.65.241.204,4,2,0.50,180.54,0.00,N/A
104.25.53.90,4,2,0.50,180.67,0.00,N/A
172.67.80.212,4,2,0.50,180.74,0.00,N/A
104.18.11.7,4,2,0.50,180.78,0.00,N/A
104.16.69.92,4,2,0.50,180.90,0.00,N/A
104.24.234.137,4,2,0.50,181.05,0.00,N/A
104.18.8.90,4,2,0.50,181.12,0.00,N/A
172.64.146.95,4,2,0.50,181.13,0.00,N/A
172.65.189.100,4,2,0.50,181.34,0.00,N/A
104.25.225.100,4,2,0.50,181.38,0.00,N/A
104.24.130.198,4,2,0.50,181.42,0.00,N/A
104.25.56.167,4,2,0.50,181.45,0.00,N/A
104.27.112.189,4,2,0.50,181.47,0.00,N/A
172.65.139.99,4,2,0.50,181.50,0.00,N/A
104.25.187.16,4,2,0.50,181.52,0.00,N/A
172.65.109.33,4,2,0.50,181.61,0.00,N/A
104.27.83.67,4,2,0.50,181.62,0.00,N/A
172.65.156.138,4,2,0.50,181.63,0.00,N/A
172.65.216.73,4,2,0.50,181.67,0.00,N/A
104.25.55.161,4,2,0.50,181.72,0.00,N/A
104.27.122.204,4,2,0.50,181.78,0.00,N/A
104.31.16.253,4,2,0.50,181.91,0.00,N/A
104.16.85.62,4,2,0.50,181.99,0.00,N/A
104.25.232.1,4,2,0.50,181.99,0.00,N/A
104.19.204.27,4,2,0.50,182.01,0.00,N/A
104.17.149.57,4,2,0.50,182.04,0.00,N/A
104.16.251.232,4,2,0.50,182.06,0.00,N/A
104.24.15.104,4,2,0.50,182.06,0.00,N/A
104.25.89.207,4,2,0.50,182.07,0.00,N/A
104.19.40.23,4,2,0.50,182.08,0.00,N/A
104.18.1.38,4,2,0.50,182.24,0.00,N/A
104.24.6.192,4,2,0.50,182.40,0.00,N/A
104.19.196.119,4,2,0.50,182.42,0.00,N/A
104.27.107.70,4,2,0.50,182.57,0.00,N/A
104.17.243.179,4,2,0.50,182.57,0.00,N/A
172.65.92.197,4,2,0.50,182.61,0.00,N/A
104.19.198.227,4,2,0.50,182.62,0.00,N/A
104.17.83.235,4,2,0.50,182.76,0.00,N/A
172.64.155.73,4,2,0.50,182.81,0.00,N/A
172.65.103.229,4,2,0.50,182.84,0.00,N/A
104.24.139.231,4,2,0.50,182.85,0.00,N/A
172.64.33.219,4,2,0.50,182.88,0.00,N/A
104.19.79.250,4,2,0.50,182.92,0.00,N/A
104.24.30.199,4,2,0.50,182.92,0.00,N/A
104.24.229.213,4,2,0.50,182.93,0.00,N/A
104.25.196.213,4,2,0.50,182.99,0.00,N/A
104.25.66.148,4,2,0.50,183.00,0.00,N/A
104.25.149.112,4,2,0.50,183.13,0.00,N/A
172.65.80.225,4,2,0.50,183.23,0.00,N/A
104.25.101.177,4,2,0.50,183.23,0.00,N/A
172.65.160.47,4,2,0.50,183.27,0.00,N/A
172.65.170.10,4,2,0.50,183.30,0.00,N/A
104.27.124.2,4,2,0.50,183.33,0.00,N/A
104.19.72.240,4,2,0.50,183.38,0.00,N/A
172.65.195.176,4,2,0.50,183.40,0.00,N/A
104.24.17.129,4,2,0.50,183.43,0.00,N/A
172.65.193.88,4,2,0.50,183.43,0.00,N/A
104.24.245.186,4,2,0.50,183.45,0.00,N/A
104.19.15.226,4,2,0.50,183.53,0.00,N/A
104.18.2.10,4,2,0.50,183.55,0.00,N/A
104.27.101.205,4,2,0.50,183.57,0.00,N/A
104.24.74.136,4,2,0.50,183.62,0.00,N/A
172.65.115.84,4,2,0.50,183.64,0.00,N/A
172.65.79.169,4,2,0.50,183.72,0.00,N/A
104.20.34.143,4,2,0.50,183.73,0.00,N/A
104.24.70.31,4,2,0.50,183.86,0.00,N/A
104.19.193.170,4,2,0.50,183.87,0.00,N/A
104.19.31.24,4,2,0.50,183.87,0.00,N/A
104.18.20.72,4,2,0.50,183.90,0.00,N/A
162.159.6.169,4,2,0.50,183.94,0.00,N/A
104.24.24.188,4,2,0.50,183.96,0.00,N/A
172.65.184.173,4,2,0.50,183.98,0.00,N/A
104.27.34.32,4,2,0.50,183.99,0.00,N/A
104.27.98.20,4,2,0.50,184.16,0.00,N/A
104.25.157.47,4,2,0.50,184.16,0.00,N/A
104.25.254.38,4,2,0.50,184.26,0.00,N/A
104.25.163.69,4,2,0.50,184.28,0.00,N/A
172.65.97.54,4,2,0.50,184.30,0.00,N/A
104.24.37.202,4,2,0.50,184.42,0.00,N/A
172.65.158.137,4,2,0.50,184.51,0.00,N/A
104.21.228.123,4,2,0.50,184.52,0.00,N/A
104.25.251.0,4,2,0.50,184.54,0.00,N/A
104.25.42.129,4,2,0.50,184.59,0.00,N/A
104.25.250.134,4,2,0.50,184.61,0.00,N/A
104.27.92.156,4,2,0.50,184.64,0.00,N/A
104.25.45.234,4,2,0.50,184.80,0.00,N/A
172.67.126.222,4,2,0.50,184.81,0.00,N/A
104.25.192.190,4,2,0.50,184.81,0.00,N/A
172.65.112.207,4,2,0.50,184.85,0.00,N/A
104.25.95.27,4,2,0.50,184.92,0.00,N/A
172.65.174.252,4,2,0.50,184.94,0.00,N/A
104.25.135.108,4,2,0.50,184.94,0.00,N/A
104.18.109.134,4,2,0.50,185.02,0.00,N/A
104.25.252.76,4,2,0.50,185.05,0.00,N/A
104.27.0.187,4,2,0.50,185.07,0.00,N/A
104.25.62.218,4,2,0.50,185.07,0.00,N/A
172.65.146.123,4,2,0.50,185.13,0.00,N/A
104.25.99.217,4,2,0.50,185.15,0.00,N/A
162.159.247.165,4,2,0.50,185.24,0.00,N/A
104.18.28.239,4,2,0.50,185.31,0.00,N/A
104.25.239.133,4,2,0.50,185.32,0.00,N/A
104.19.203.254,4,2,0.50,185.32,0.00,N/A
104.27.119.252,4,2,0.50,185.45,0.00,N/A
104.25.40.125,4,2,0.50,185.47,0.00,N/A
104.24.21.233,4,2,0.50,185.47,0.00,N/A
172.66.162.9,4,2,0.50,185.48,0.00,N/A
104.25.41.242,4,2,0.50,185.54,0.00,N/A
104.25.114.58,4,2,0.50,185.55,0.00,N/A
104.27.94.187,4,2,0.50,185.58,0.00,N/A
172.66.204.85,4,2,0.50,185.64,0.00,N/A
172.65.179.86,4,2,0.50,185.71,0.00,N/A
104.24.47.103,4,2,0.50,185.74,0.00,N/A
104.24.172.214,4,2,0.50,185.78,0.00,N/A
104.17.167.190,4,2,0.50,185.81,0.00,N/A
104.24.61.200,4,2,0.50,185.83,0.00,N/A
104.19.16.181,4,2,0.50,185.85,0.00,N/A
104.27.89.127,4,2,0.50,185.92,0.00,N/A
104.27.20.89,4,2,0.50,186.00,0.00,N/A
104.24.11.84,4,2,0.50,186.00,0.00,N/A
104.19.237.20,4,2,0.50,186.01,0.00,N/A
104.20.55.67,4,2,0.50,186.03,0.00,N/A
104.25.26.191,4,2,0.50,186.09,0.00,N/A
104.24.14.131,4,2,0.50,186.20,0.00,N/A
172.67.92.79,4,2,0.50,186.20,0.00,N/A
172.65.141.242,4,2,0.50,186.22,0.00,N/A
172.65.155.102,4,2,0.50,186.26,0.00,N/A
104.24.7.158,4,2,0.50,186.32,0.00,N/A
172.66.148.124,4,2,0.50,186.32,0.00,N/A
104.25.118.99,4,2,0.50,186.42,0.00,N/A
104.18.41.105,4,2,0.50,186.51,0.00,N/A
104.24.32.39,4,2,0.50,186.55,0.00,N/A
104.20.41.163,4,2,0.50,186.58,0.00,N/A
172.64.159.247,4,2,0.50,186.60,0.00,N/A
104.25.253.156,4,2,0.50,186.66,0.00,N/A
104.19.67.105,4,2,0.50,186.68,0.00,N/A
172.65.248.163,4,2,0.50,186.68,0.00,N/A
104.19.27.97,4,2,0.50,186.76,0.00,N/A
104.25.173.106,4,2,0.50,186.82,0.00,N/A
104.27.116.13,4,2,0.50,186.83,0.00,N/A
172.64.41.38,4,2,0.50,186.85,0.00,N/A
104.25.243.106,4,2,0.50,186.86,0.00,N/A
104.18.38.223,4,2,0.50,186.90,0.00,N/A
172.65.145.1,4,2,0.50,186.92,0.00,N/A
172.66.200.239,4,2,0.50,186.92,0.00,N/A
104.16.63.83,4,2,0.50,186.92,0.00,N/A
172.65.75.222,4,2,0.50,186.93,0.00,N/A
104.19.29.72,4,2,0.50,186.94,0.00,N/A
172.65.167.26,4,2,0.50,186.99,0.00,N/A
172.65.152.3,4,2,0.50,187.04,0.00,N/A
104.19.84.229,4,2,0.50,187.07,0.00,N/A
104.24.230.184,4,2,0.50,187.13,0.00,N/A
104.18.201.91,4,2,0.50,187.17,0.00,N/A
104.25.46.128,4,2,0.50,187.21,0.00,N/A
104.24.73.223,4,2,0.50,187.33,0.00,N/A
172.65.161.48,4,2,0.50,187.34,0.00,N/A
104.24.244.196,4,2,0.50,187.36,0.00,N/A
172.65.117.113,4,2,0.50,187.52,0.00,N/A
172.66.149.145,4,2,0.50,187.52,0.00,N/A
172.64.157.128,4,2,0.50,187.53,0.00,N/A
104.25.193.33,4,2,0.50,187.61,0.00,N/A
104.24.132.0,4,2,0.50,187.63,0.00,N/A
172.65.82.116,4,2,0.50,187.68,0.00,N/A
104.24.188.5,4,2,0.50,187.68,0.00,N/A
172.65.84.40,4,2,0.50,187.68,0.00,N/A
172.64.97.86,4,2,0.50,187.83,0.00,N/A
172.65.123.165,4,2,0.50,187.85,0.00,N/A
172.66.152.208,4,2,0.50,187.88,0.00,N/A
104.19.195.126,4,2,0.50,187.90,0.00,N/A
172.65.89.61,4,2,0.50,187.92,0.00,N/A
172.66.201.191,4,2,0.50,187.92,0.00,N/A
104.25.65.239,4,2,0.50,187.98,0.00,N/A
104.16.61.23,4,2,0.50,188.08,0.00,N/A
104.24.225.111,4,2,0.50,188.11,0.00,N/A
104.18.184.107,4,2,0.50,188.15,0.00,N/A
104.27.39.118,4,2,0.50,188.20,0.00,N/A
104.24.25.63,4,2,0.50,188.20,0.00,N/A
104.25.47.199,4,2,0.50,188.23,0.00,N/A
104.19.68.141,4,2,0.50,188.25,0.00,N/A
172.65.165.14,4,2,0.50,188.29,0.00,N/A
104.18.17.134,4,2,0.50,188.36,0.00,N/A
104.27.85.12,4,2,0.50,188.37,0.00,N/A
104.19.206.84,4,2,0.50,188.39,0.00,N/A
104.20.13.117,4,2,0.50,188.41,0.00,N/A
172.65.198.201,4,2,0.50,188.44,0.00,N/A
172.66.155.85,4,2,0.50,188.45,0.00,N/A
172.65.153.186,4,2,0.50,188.55,0.00,N/A
104.24.137.36,4,2,0.50,188.64,0.00,N/A
172.66.2.108,4,2,0.50,188.67,0.00,N/A
172.64.37.13,4,2,0.50,188.72,0.00,N/A
172.64.46.131,4,2,0.50,188.73,0.00,N/A
104.24.42.41,4,2,0.50,188.76,0.00,N/A
104.24.227.168,4,2,0.50,188.76,0.00,N/A
104.18.151.222,4,2,0.50,188.78,0.00,N/A
172.65.205.145,4,2,0.50,188.81,0.00,N/A
104.25.211.206,4,2,0.50,188.83,0.00,N/A
104.24.13.243,4,2,0.50,188.84,0.00,N/A
104.19.88.123,4,2,0.50,188.86,0.00,N/A
104.24.41.215,4,2,0.50,188.91,0.00,N/A
104.20.59.134,4,2,0.50,188.93,0.00,N/A
104.20.39.2,4,2,0.50,188.95,0.00,N/A
104.19.32.194,4,2,0.50,188.95,0.00,N/A
104.25.140.223,4,2,0.50,188.98,0.00,N/A
104.19.194.142,4,2,0.50,189.00,0.00,N/A
172.64.149.207,4,2,0.50,189.03,0.00,N/A
104.25.90.235,4,2,0.50,189.04,0.00,N/A
104.27.6.42,4,2,0.50,189.08,0.00,N/A
172.65.118.243,4,2,0.50,189.12,0.00,N/A
104.27.75.67,4,2,0.50,189.12,0.00,N/A
104.27.123.24,4,2,0.50,189.14,0.00,N/A
104.24.228.102,4,2,0.50,189.15,0.00,N/A
104.17.253.219,4,2,0.50,189.17,0.00,N/A
104.17.250.165,4,2,0.50,189.19,0.00,N/A
104.19.97.223,4,2,0.50,189.32,0.00,N/A
172.65.122.47,4,2,0.50,189.39,0.00,N/A
104.24.233.103,4,2,0.50,189.42,0.00,N/A
104.24.186.50,4,2,0.50,189.43,0.00,N/A
104.24.136.109,4,2,0.50,189.48,0.00,N/A
104.27.66.227,4,2,0.50,189.49,0.00,N/A
104.24.226.218,4,2,0.50,189.57,0.00,N/A
172.66.198.20,4,2,0.50,189.57,0.00,N/A
104.27.127.52,4,2,0.50,189.64,0.00,N/A
104.24.22.188,4,2,0.50,189.65,0.00,N/A
104.17.238.78,4,2,0.50,189.69,0.00,N/A
104.25.100.41,4,2,0.50,189.74,0.00,N/A
104.25.218.22,4,2,0.50,189.75,0.00,N/A
172.65.102.185,4,2,0.50,189.79,0.00,N/A
104.27.52.86,4,2,0.50,189.91,0.00,N/A
172.65.197.242,4,2,0.50,190.07,0.00,N/A
104.25.184.134,4,2,0.50,190.14,0.00,N/A
104.18.140.11,4,2,0.50,190.17,0.00,N/A
104.25.236.140,4,2,0.50,190.24,0.00,N/A
172.65.3.129,4,2,0.50,190.26,0.00,N/A
104.18.90.238,4,2,0.50,190.34,0.00,N/A
104.19.207.53,4,2,0.50,190.37,0.00,N/A
104.25.43.93,4,2,0.50,190.47,0.00,N/A
172.66.165.232,4,2,0.50,190.47,0.00,N/A
172.65.90.242,4,2,0.50,190.47,0.00,N/A
104.24.8.221,4,2,0.50,190.57,0.00,N/A
104.27.73.180,4,2,0.50,190.60,0.00,N/A
104.27.86.124,4,2,0.50,190.61,0.00,N/A
172.64.144.76,4,2,0.50,190.63,0.00,N/A
104.25.64.241,4,2,0.50,190.64,0.00,N/A
104.24.68.84,4,2,0.50,190.69,0.00,N/A
104.19.192.80,4,2,0.50,190.70,0.00,N/A
104.18.158.220,4,2,0.50,190.71,0.00,N/A
104.20.49.184,4,2,0.50,190.78,0.00,N/A
104.19.65.2,4,2,0.50,190.89,0.00,N/A
104.24.243.196,4,2,0.50,190.94,0.00,N/A
172.65.110.118,4,2,0.50,190.96,0.00,N/A
104.25.150.231,4,2,0.50,191.22,0.00,N/A
104.18.216.12,4,2,0.50,191.34,0.00,N/A
104.18.71.253,4,2,0.50,191.40,0.00,N/A
172.65.157.237,4,2,0.50,191.53,0.00,N/A
172.64.40.119,4,2,0.50,191.58,0.00,N/A
104.17.154.145,4,2,0.50,191.60,0.00,N/A
104.17.170.58,4,2,0.50,191.64,0.00,N/A
104.18.125.207,4,2,0.50,191.76,0.00,N/A
172.65.140.14,4,2,0.50,191.77,0.00,N/A
172.65.119.5,4,2,0.50,191.80,0.00,N/A
172.66.151.54,4,2,0.50,191.99,0.00,N/A
104.20.38.253,4,2,0.50,192.04,0.00,N/A
172.64.69.114,4,2,0.50,192.07,0.00,N/A
172.64.67.70,4,2,0.50,192.10,0.00,N/A
104.27.106.22,4,2,0.50,192.15,0.00,N/A
104.19.201.226,4,2,0.50,192.18,0.00,N/A
104.25.167.129,4,2,0.50,192.22,0.00,N/A
172.65.143.131,4,2,0.50,192.24,0.00,N/A
104.18.104.81,4,2,0.50,192.26,0.00,N/A
172.65.201.21,4,2,0.50,192.37,0.00,N/A
104.25.70.101,4,2,0.50,192.38,0.00,N/A
104.19.189.27,4,2,0.50,192.40,0.00,N/A
172.66.157.227,4,2,0.50,192.53,0.00,N/A
104.24.69.245,4,2,0.50,192.56,0.00,N/A
104.17.246.191,4,2,0.50,192.56,0.00,N/A
104.19.71.203,4,2,0.50,192.74,0.00,N/A
104.19.76.163,4,2,0.50,192.75,0.00,N/A
104.24.64.167,4,2,0.50,192.82,0.00,N/A
172.65.194.52,4,2,0.50,192.96,0.00,N/A
172.65.98.199,4,2,0.50,193.01,0.00,N/A
172.66.43.185,4,2,0.50,193.18,0.00,N/A
172.65.186.180,4,2,0.50,193.19,0.00,N/A
172.67.103.115,4,2,0.50,193.19,0.00,N/A
104.19.80.216,4,2,0.50,193.30,0.00,N/A
104.24.53.222,4,2,0.50,193.39,0.00,N/A
172.67.82.250,4,2,0.50,193.45,0.00,N/A
104.25.121.154,4,2,0.50,193.47,0.00,N/A
104.18.232.8,4,2,0.50,193.67,0.00,N/A
104.17.100.236,4,2,0.50,193.89,0.00,N/A
104.19.216.116,4,2,0.50,194.11,0.00,N/A
104.27.102.210,4,2,0.50,194.19,0.00,N/A
104.25.220.227,4,2,0.50,194.32,0.00,N/A
104.17.255.139,4,2,0.50,194.33,0.00,N/A
104.18.91.6,4,2,0.50,194.66,0.00,N/A
104.25.63.19,4,2,0.50,194.69,0.00,N/A
104.17.157.68,4,2,0.50,195.13,0.00,N/A
104.25.109.211,4,2,0.50,195.32,0.00,N/A
104.18.243.175,4,2,0.50,195.46,0.00,N/A
104.18.97.33,4,2,0.50,196.29,0.00,N/A
104.16.243.14,4,2,0.50,196.29,0.00,N/A
104.24.23.130,4,2,0.50,196.45,0.00,N/A
104.16.49.243,4,2,0.50,196.52,0.00,N/A
172.66.167.234,4,2,0.50,196.65,0.00,N/A
104.16.86.87,4,2,0.50,197.30,0.00,N/A
104.19.158.210,4,2,0.50,197.43,0.00,N/A
172.66.172.126,4,2,0.50,197.51,0.00,N/A
104.18.206.155,4,2,0.50,197.51,0.00,N/A
104.18.68.175,4,2,0.50,198.24,0.00,N/A
104.17.74.42,4,2,0.50,199.53,0.00,N/A
104.17.145.86,4,2,0.50,199.61,0.00,N/A
104.16.81.169,4,2,0.50,199.82,0.00,N/A
104.19.218.229,4,2,0.50,200.20,0.00,N/A
104.18.248.81,4,2,0.50,200.22,0.00,N/A
104.18.148.94,4,2,0.50,200.45,0.00,N/A
104.16.55.215,4,2,0.50,200.73,0.00,N/A
104.16.59.37,4,2,0.50,200.75,0.00,N/A
172.64.82.135,4,2,0.50,201.00,0.00,N/A
104.18.208.117,4,2,0.50,201.29,0.00,N/A
104.18.157.9,4,2,0.50,201.49,0.00,N/A
104.18.219.88,4,2,0.50,202.16,0.00,N/A
104.17.155.102,4,2,0.50,202.56,0.00,N/A
104.19.247.68,4,2,0.50,202.64,0.00,N/A
104.18.195.205,4,2,0.50,203.30,0.00,N/A
104.16.89.44,4,2,0.50,203.38,0.00,N/A
104.16.98.162,4,2,0.50,203.46,0.00,N/A
104.16.203.82,4,2,0.50,204.00,0.00,N/A
104.16.207.99,4,2,0.50,204.29,0.00,N/A
104.17.87.107,4,2,0.50,204.40,0.00,N/A
104.19.83.91,4,2,0.50,204.46,0.00,N/A
104.18.211.73,4,2,0.50,204.66,0.00,N/A
104.17.172.249,4,2,0.50,205.08,0.00,N/A
104.18.152.210,4,2,0.50,205.14,0.00,N/A
104.18.199.106,4,2,0.50,205.58,0.00,N/A
104.17.60.66,4,2,0.50,205.79,0.00,N/A
104.18.240.98,4,2,0.50,206.21,0.00,N/A
104.19.184.126,4,2,0.50,206.34,0.00,N/A
104.18.87.189,4,2,0.50,206.71,0.00,N/A
104.18.93.37,4,2,0.50,206.73,0.00,N/A
104.18.92.207,4,2,0.50,206.78,0.00,N/A
104.16.169.1,4,2,0.50,206.93,0.00,N/A
104.19.188.148,4,2,0.50,207.26,0.00,N/A
104.18.64.202,4,2,0.50,208.31,0.00,N/A
104.17.78.199,4,2,0.50,208.40,0.00,N/A
104.18.198.10,4,2,0.50,208.91,0.00,N/A
104.16.224.243,4,2,0.50,208.94,0.00,N/A
104.19.168.34,4,2,0.50,209.19,0.00,N/A
104.16.76.92,4,2,0.50,210.03,0.00,N/A
104.17.156.201,4,2,0.50,210.11,0.00,N/A
104.18.235.44,4,2,0.50,210.42,0.00,N/A
104.19.182.156,4,2,0.50,210.81,0.00,N/A
104.17.71.231,4,2,0.50,211.15,0.00,N/A
104.19.190.30,4,2,0.50,211.31,0.00,N/A
104.16.84.103,4,2,0.50,211.65,0.00,N/A
104.16.225.156,4,2,0.50,211.95,0.00,N/A
104.17.75.30,4,2,0.50,212.18,0.00,N/A
104.19.172.73,4,2,0.50,212.41,0.00,N/A
104.17.174.11,4,2,0.50,213.05,0.00,N/A
104.17.118.173,4,2,0.50,213.48,0.00,N/A
104.16.80.36,4,2,0.50,213.60,0.00,N/A
104.17.64.136,4,2,0.50,213.82,0.00,N/A
104.16.46.244,4,2,0.50,213.95,0.00,N/A
104.16.240.108,4,2,0.50,214.12,0.00,N/A
104.17.164.199,4,2,0.50,214.93,0.00,N/A
104.19.176.83,4,2,0.50,215.17,0.00,N/A
104.17.146.97,4,2,0.50,215.33,0.00,N/A
104.17.150.74,4,2,0.50,215.40,0.00,N/A
104.19.167.44,4,2,0.50,215.50,0.00,N/A
104.16.43.166,4,2,0.50,215.53,0.00,N/A
104.18.156.250,4,2,0.50,215.59,0.00,N/A
104.18.69.96,4,2,0.50,215.89,0.00,N/A
104.18.75.79,4,2,0.50,216.08,0.00,N/A
104.17.168.79,4,2,0.50,216.40,0.00,N/A
104.16.62.148,4,2,0.50,216.95,0.00,N/A
104.16.91.75,4,2,0.50,216.96,0.00,N/A
104.18.82.90,4,2,0.50,217.11,0.00,N/A
104.16.25.169,4,2,0.50,217.23,0.00,N/A
104.17.242.136,4,2,0.50,217.41,0.00,N/A
104.17.102.226,4,2,0.50,217.72,0.00,N/A
104.19.174.147,4,2,0.50,217.82,0.00,N/A
104.19.210.91,4,2,0.50,217.85,0.00,N/A
104.19.169.252,4,2,0.50,217.85,0.00,N/A
104.18.207.242,4,2,0.50,217.92,0.00,N/A
104.17.35.217,4,2,0.50,218.28,0.00,N/A
104.16.253.206,4,2,0.50,218.31,0.00,N/A
104.18.89.10,4,2,0.50,218.69,0.00,N/A
104.18.74.44,4,2,0.50,218.88,0.00,N/A
104.18.100.210,4,2,0.50,219.00,0.00,N/A
104.18.102.171,4,2,0.50,219.01,0.00,N/A
104.18.200.239,4,2,0.50,219.17,0.00,N/A
104.19.191.154,4,2,0.50,219.20,0.00,N/A
104.17.166.79,4,2,0.50,219.46,0.00,N/A
104.18.202.216,4,2,0.50,219.47,0.00,N/A
104.18.77.253,4,2,0.50,219.83,0.00,N/A
104.17.94.221,4,2,0.50,219.86,0.00,N/A
104.18.88.206,4,2,0.50,220.13,0.00,N/A
104.19.234.234,4,2,0.50,220.22,0.00,N/A
104.17.57.70,4,2,0.50,220.35,0.00,N/A
104.19.244.47,4,2,0.50,220.57,0.00,N/A
104.19.179.242,4,2,0.50,220.68,0.00,N/A
104.17.218.98,4,2,0.50,221.32,0.00,N/A
104.21.224.89,4,2,0.50,221.54,0.00,N/A
104.16.66.154,4,2,0.50,221.79,0.00,N/A
104.21.239.116,4,2,0.50,222.10,0.00,N/A
104.18.116.249,4,2,0.50,222.45,0.00,N/A
104.19.246.232,4,2,0.50,222.46,0.00,N/A
104.16.48.157,4,2,0.50,222.48,0.00,N/A
104.16.235.73,4,2,0.50,222.48,0.00,N/A
104.16.94.22,4,2,0.50,222.88,0.00,N/A
172.64.79.9,4,2,0.50,222.93,0.00,N/A
104.17.233.188,4,2,0.50,223.17,0.00,N/A
104.17.92.6,4,2,0.50,223.19,0.00,N/A
104.18.141.147,4,2,0.50,223.42,0.00,N/A
104.16.9.102,4,2,0.50,223.90,0.00,N/A
104.17.50.246,4,2,0.50,223.93,0.00,N/A
104.19.173.195,4,2,0.50,223.93,0.00,N/A
104.18.234.91,4,2,0.50,224.44,0.00,N/A
104.16.99.145,4,2,0.50,224.48,0.00,N/A
104.21.235.205,4,2,0.50,224.58,0.00,N/A
104.19.165.76,4,2,0.50,224.99,0.00,N/A
104.16.56.76,4,2,0.50,225.08,0.00,N/A
104.16.51.51,4,2,0.50,225.25,0.00,N/A
104.18.84.57,4,2,0.50,225.46,0.00,N/A
104.17.182.87,4,2,0.50,225.77,0.00,N/A
104.18.175.187,4,2,0.50,226.46,0.00,N/A
104.17.84.211,4,2,0.50,226.52,0.00,N/A
104.18.131.36,4,2,0.50,226.56,0.00,N/A
104.16.5.230,4,2,0.50,226.71,0.00,N/A
104.16.131.135,4,2,0.50,226.90,0.00,N/A
104.17.192.202,4,2,0.50,227.30,0.00,N/A
104.17.148.68,4,2,0.50,227.38,0.00,N/A
104.18.229.214,4,2,0.50,227.42,0.00,N/A
104.16.52.179,4,2,0.50,227.67,0.00,N/A
104.18.237.114,4,2,0.50,227.86,0.00,N/A
104.18.221.77,4,2,0.50,228.14,0.00,N/A
104.16.252.52,4,2,0.50,228.36,0.00,N/A
104.18.65.150,4,2,0.50,228.66,0.00,N/A
104.18.177.128,4,2,0.50,228.66,0.00,N/A
104.17.70.109,4,2,0.50,228.70,0.00,N/A
104.17.160.5,4,2,0.50,228.82,0.00,N/A
104.16.57.22,4,2,0.50,228.89,0.00,N/A
104.16.45.129,4,2,0.50,229.24,0.00,N/A
104.17.36.141,4,2,0.50,230.01,0.00,N/A
104.18.86.89,4,2,0.50,230.04,0.00,N/A
104.16.104.147,4,2,0.50,230.12,0.00,N/A
104.17.147.97,4,2,0.50,230.19,0.00,N/A
104.16.6.82,4,2,0.50,230.87,0.00,N/A
104.16.204.50,4,2,0.50,231.05,0.00,N/A
104.19.183.5,4,2,0.50,231.27,0.00,N/A
104.17.19.122,4,2,0.50,231.39,0.00,N/A
104.18.95.173,4,2,0.50,231.96,0.00,N/A
104.18.94.189,4,2,0.50,232.02,0.00,N/A
104.17.79.11,4,2,0.50,232.52,0.00,N/A
104.16.201.18,4,2,0.50,233.73,0.00,N/A
104.17.237.221,4,2,0.50,233.87,0.00,N/A
104.19.215.18,4,2,0.50,234.17,0.00,N/A
104.19.149.160,4,2,0.50,234.37,0.00,N/A
104.17.77.216,4,2,0.50,235.43,0.00,N/A
104.17.165.66,4,2,0.50,235.53,0.00,N/A
104.16.74.198,4,2,0.50,235.57,0.00,N/A
104.18.85.73,4,2,0.50,236.89,0.00,N/A
104.18.178.145,4,2,0.50,237.05,0.00,N/A
104.18.70.147,4,2,0.50,238.04,0.00,N/A
104.19.245.235,4,2,0.50,238.95,0.00,N/A
104.17.222.137,4,2,0.50,239.88,0.00,N/A
104.19.243.124,4,2,0.50,240.45,0.00,N/A
104.17.18.175,4,2,0.50,240.67,0.00,N/A
104.16.123.17,4,2,0.50,242.37,0.00,N/A
104.16.129.199,4,2,0.50,243.06,0.00,N/A
104.18.209.212,4,2,0.50,243.47,0.00,N/A
104.19.208.30,4,2,0.50,243.71,0.00,N/A
104.16.42.118,4,2,0.50,243.88,0.00,N/A
104.19.249.26,4,2,0.50,247.53,0.00,N/A
104.19.242.204,4,2,0.50,248.72,0.00,N/A
104.18.96.19,4,2,0.50,251.25,0.00,N/A
104.17.45.34,4,2,0.50,252.53,0.00,N/A
104.17.120.135,4,2,0.50,254.17,0.00,N/A
104.19.180.30,4,2,0.50,254.18,0.00,N/A
104.17.81.226,4,2,0.50,254.55,0.00,N/A
104.21.226.188,4,2,0.50,254.61,0.00,N/A
104.16.245.74,4,2,0.50,255.27,0.00,N/A
104.16.50.98,4,2,0.50,255.99,0.00,N/A
104.19.235.57,4,2,0.50,256.80,0.00,N/A
104.19.236.97,4,2,0.50,257.00,0.00,N/A
104.18.205.156,4,2,0.50,257.14,0.00,N/A
104.18.227.118,4,2,0.50,258.88,0.00,N/A
104.17.54.152,4,2,0.50,259.19,0.00,N/A
104.16.79.33,4,2,0.50,262.39,0.00,N/A
104.21.42.82,4,2,0.50,264.01,0.00,N/A
104.19.164.52,4,2,0.50,269.69,0.00,N/A
104.29.155.148,4,2,0.50,289.66,0.00,N/A
172.67.234.94,4,2,0.50,315.29,0.00,N/A
172.67.231.113,4,2,0.50,316.46,0.00,N/A
172.67.203.125,4,2,0.50,329.38,0.00,N/A
104.21.97.248,4,2,0.50,329.84,0.00,N/A
104.21.204.227,4,2,0.50,336.86,0.00,N/A
162.159.205.126,4,2,0.50,356.13,0.00,N/A
172.67.253.237,4,2,0.50,362.17,0.00,N/A
104.21.199.9,4,2,0.50,364.78,0.00,N/A
104.21.17.61,4,2,0.50,365.93,0.00,N/A
172.67.198.5,4,2,0.50,369.31,0.00,N/A
104.21.102.167,4,2,0.50,370.78,0.00,N/A
172.67.226.217,4,2,0.50,374.32,0.00,N/A
104.21.103.87,4,2,0.50,375.82,0.00,N/A
172.65.38.106,4,2,0.50,376.54,0.00,N/A
172.67.172.50,4,2,0.50,384.00,0.00,N/A
104.29.147.198,4,2,0.50,387.33,0.00,N/A
172.67.154.162,4,2,0.50,389.41,0.00,N/A
104.21.206.98,4,2,0.50,391.91,0.00,N/A
172.65.60.236,4,2,0.50,394.39,0.00,N/A
172.67.153.5,4,2,0.50,394.79,0.00,N/A
172.67.252.102,4,2,0.50,397.71,0.00,N/A
172.65.45.202,4,2,0.50,404.61,0.00,N/A
104.21.217.136,4,2,0.50,404.78,0.00,N/A
104.21.69.174,4,2,0.50,407.80,0.00,N/A
104.18.63.221,4,2,0.50,410.17,0.00,N/A
172.67.240.132,4,2,0.50,411.74,0.00,N/A
172.65.28.63,4,2,0.50,416.32,0.00,N/A
172.67.244.206,4,2,0.50,424.79,0.00,N/A
172.67.242.72,4,2,0.50,425.38,0.00,N/A
104.21.3.11,4,2,0.50,427.85,0.00,N/A
172.67.222.95,4,2,0.50,428.15,0.00,N/A
172.65.17.73,4,2,0.50,428.20,0.00,N/A
104.21.87.132,4,2,0.50,428.28,0.00,N/A
172.67.223.155,4,2,0.50,428.64,0.00,N/A
172.65.21.168,4,2,0.50,431.31,0.00,N/A
172.67.184.41,4,2,0.50,431.76,0.00,N/A
104.19.133.242,4,2,0.50,434.48,0.00,N/A
172.67.185.218,4,2,0.50,435.88,0.00,N/A
172.65.53.12,4,2,0.50,436.63,0.00,N/A
172.65.33.183,4,2,0.50,437.59,0.00,N/A
104.21.205.28,4,2,0.50,438.33,0.00,N/A
172.67.166.140,4,2,0.50,438.57,0.00,N/A
104.27.199.121,4,2,0.50,438.89,0.00,N/A
104.19.131.188,4,2,0.50,440.99,0.00,N/A
104.21.100.60,4,2,0.50,442.17,0.00,N/A
172.65.18.16,4,2,0.50,442.77,0.00,N/A
172.67.138.38,4,2,0.50,442.82,0.00,N/A
172.65.51.107,4,2,0.50,445.33,0.00,N/A
172.67.165.36,4,2,0.50,447.13,0.00,N/A
172.67.187.224,4,2,0.50,448.67,0.00,N/A
172.67.173.198,4,2,0.50,449.53,0.00,N/A
104.21.76.120,4,2,0.50,452.51,0.00,N/A
172.67.139.7,4,2,0.50,453.42,0.00,N/A
104.21.209.112,4,2,0.50,453.48,0.00,N/A
104.19.132.72,4,2,0.50,456.21,0.00,N/A
172.65.19.200,4,2,0.50,456.85,0.00,N/A
104.27.200.195,4,2,0.50,459.66,0.00,N/A
104.21.218.245,4,2,0.50,460.53,0.00,N/A
172.67.255.38,4,2,0.50,461.29,0.00,N/A
172.67.202.128,4,2,0.50,461.41,0.00,N/A
172.65.39.54,4,2,0.50,462.31,0.00,N/A
172.65.58.135,4,2,0.50,463.39,0.00,N/A
104.21.95.11,4,2,0.50,467.12,0.00,N/A
172.65.29.58,4,2,0.50,473.26,0.00,N/A
104.21.44.22,4,2,0.50,482.18,0.00,N/A
104.21.94.128,4,2,0.50,483.47,0.00,N/A
104.21.15.60,4,2,0.50,488.87,0.00,N/A
104.21.73.0,4,2,0.50,489.74,0.00,N/A
104.21.118.247,4,2,0.50,493.66,0.00,N/A
172.67.248.254,4,2,0.50,495.18,0.00,N/A
172.67.219.74,4,2,0.50,495.94,0.00,N/A
172.67.210.198,4,2,0.50,496.26,0.00,N/A
104.27.206.127,4,2,0.50,498.14,0.00,N/A
172.67.233.9,4,2,0.50,498.50,0.00,N/A
172.67.164.185,4,2,0.50,500.13,0.00,N/A
104.21.5.160,4,2,0.50,503.23,0.00,N/A
104.21.23.15,4,2,0.50,505.78,0.00,N/A
104.18.61.61,4,2,0.50,506.43,0.00,N/A
104.21.20.186,4,2,0.50,508.27,0.00,N/A
172.67.236.248,4,2,0.50,508.62,0.00,N/A
172.65.16.2,4,2,0.50,510.44,0.00,N/A
104.21.203.149,4,2,0.50,511.25,0.00,N/A
172.67.220.219,4,2,0.50,514.73,0.00,N/A
104.21.45.125,4,2,0.50,516.95,0.00,N/A
104.27.205.161,4,2,0.50,517.62,0.00,N/A
172.67.194.58,4,2,0.50,520.35,0.00,N/A
172.65.63.68,4,2,0.50,520.37,0.00,N/A
172.67.129.160,4,2,0.50,521.00,0.00,N/A
172.67.180.174,4,2,0.50,521.20,0.00,N/A
104.21.105.67,4,2,0.50,528.09,0.00,N/A
104.21.84.61,4,2,0.50,528.92,0.00,N/A
172.67.147.171,4,2,0.50,528.97,0.00,N/A
104.21.63.172,4,2,0.50,530.79,0.00,N/A
172.65.24.20,4,2,0.50,533.28,0.00,N/A
172.65.43.247,4,2,0.50,544.94,0.00,N/A
104.21.40.231,4,2,0.50,548.26,0.00,N/A
104.21.62.179,4,2,0.50,552.99,0.00,N/A
172.67.217.31,4,2,0.50,559.07,0.00,N/A
172.67.189.239,4,2,0.50,584.99,0.00,N/A
104.26.9.249,4,1,0.75,56.90,0.00,N/A
104.26.0.4,4,1,0.75,59.63,0.00,N/A
172.65.228.84,4,1,0.75,60.50,0.00,N/A
172.65.239.119,4,1,0.75,60.53,0.00,N/A
172.67.66.35,4,1,0.75,60.66,0.00,N/A
172.65.234.125,4,1,0.75,60.71,0.00,N/A
104.26.13.231,4,1,0.75,61.03,0.00,N/A
172.65.225.185,4,1,0.75,61.11,0.00,N/A
172.67.79.224,4,1,0.75,61.13,0.00,N/A
172.65.229.104,4,1,0.75,61.25,0.00,N/A
172.67.72.134,4,1,0.75,61.28,0.00,N/A
104.26.2.1,4,1,0.75,61.41,0.00,N/A
172.65.237.24,4,1,0.75,61.47,0.00,N/A
104.26.1.156,4,1,0.75,61.51,0.00,N/A
172.67.78.51,4,1,0.75,62.02,0.00,N/A
172.65.224.95,4,1,0.75,62.41,0.00,N/A
172.65.231.93,4,1,0.75,62.57,0.00,N/A
172.65.230.191,4,1,0.75,62.70,0.00,N/A
172.65.238.118,4,1,0.75,64.02,0.00,N/A
172.67.77.4,4,1,0.75,80.23,0.00,N/A
104.17.177.176,4,1,0.75,149.95,0.00,N/A
104.16.26.221,4,1,0.75,152.01,0.00,N/A
104.16.7.153,4,1,0.75,156.61,0.00,N/A
104.16.1.7,4,1,0.75,164.17,0.00,N/A
104.27.103.171,4,1,0.75,167.14,0.00,N/A
172.65.124.85,4,1,0.75,167.47,0.00,N/A
172.66.203.46,4,1,0.75,169.27,0.00,N/A
104.18.21.40,4,1,0.75,169.71,0.00,N/A
104.19.95.37,4,1,0.75,169.92,0.00,N/A
104.18.98.199,4,1,0.75,171.11,0.00,N/A
104.25.33.127,4,1,0.75,172.07,0.00,N/A
172.66.168.104,4,1,0.75,172.26,0.00,N/A
104.24.156.46,4,1,0.75,172.98,0.00,N/A
172.65.181.224,4,1,0.75,173.01,0.00,N/A
104.20.54.140,4,1,0.75,173.03,0.00,N/A
104.16.3.100,4,1,0.75,173.05,0.00,N/A
104.27.117.91,4,1,0.75,173.50,0.00,N/A
104.25.27.67,4,1,0.75,173.51,0.00,N/A
104.27.16.103,4,1,0.75,173.85,0.00,N/A
104.20.61.100,4,1,0.75,173.96,0.00,N/A
104.18.203.44,4,1,0.75,174.67,0.00,N/A
104.24.242.54,4,1,0.75,175.53,0.00,N/A
172.67.148.103,4,1,0.75,175.56,0.00,N/A
104.18.33.236,4,1,0.75,175.59,0.00,N/A
104.25.144.22,4,1,0.75,175.70,0.00,N/A
172.66.209.69,4,1,0.75,175.90,0.00,N/A
104.24.146.166,4,1,0.75,176.12,0.00,N/A
104.19.124.103,4,1,0.75,176.23,0.00,N/A
104.24.170.115,4,1,0.75,176.25,0.00,N/A
104.25.1.170,4,1,0.75,176.25,0.00,N/A
104.16.11.185,4,1,0.75,176.33,0.00,N/A
172.65.68.191,4,1,0.75,176.50,0.00,N/A
172.67.111.122,4,1,0.75,176.52,0.00,N/A
104.25.48.202,4,1,0.75,176.61,0.00,N/A
104.19.106.168,4,1,0.75,176.81,0.00,N/A
104.25.224.16,4,1,0.75,176.87,0.00,N/A
172.64.34.169,4,1,0.75,176.94,0.00,N/A
172.65.180.110,4,1,0.75,177.33,0.00,N/A
104.19.49.177,4,1,0.75,177.45,0.00,N/A
104.18.180.168,4,1,0.75,177.62,0.00,N/A
104.24.249.147,4,1,0.75,177.88,0.00,N/A
104.18.247.158,4,1,0.75,177.89,0.00,N/A
104.18.42.34,4,1,0.75,177.90,0.00,N/A
104.25.98.52,4,1,0.75,177.94,0.00,N/A
104.24.76.234,4,1,0.75,177.94,0.00,N/A
104.25.222.223,4,1,0.75,177.97,0.00,N/A
104.27.60.211,4,1,0.75,178.00,0.00,N/A
172.65.15.147,4,1,0.75,178.19,0.00,N/A
104.25.233.126,4,1,0.75,178.26,0.00,N/A
104.18.252.106,4,1,0.75,178.37,0.00,N/A
172.66.202.243,4,1,0.75,178.37,0.00,N/A
104.24.248.169,4,1,0.75,178.52,0.00,N/A
104.25.111.139,4,1,0.75,178.77,0.00,N/A
104.27.49.185,4,1,0.75,178.89,0.00,N/A
104.18.45.187,4,1,0.75,178.90,0.00,N/A
104.25.107.16,4,1,0.75,178.95,0.00,N/A
104.24.247.242,4,1,0.75,179.02,0.00,N/A
104.24.241.164,4,1,0.75,179.05,0.00,N/A
172.66.0.102,4,1,0.75,179.15,0.00,N/A
172.66.163.66,4,1,0.75,179.21,0.00,N/A
162.159.9.135,4,1,0.75,179.24,0.00,N/A
104.25.112.199,4,1,0.75,179.26,0.00,N/A
172.65.208.59,4,1,0.75,179.40,0.00,N/A
104.20.58.110,4,1,0.75,179.42,0.00,N/A
104.25.72.6,4,1,0.75,179.48,0.00,N/A
172.67.109.203,4,1,0.75,179.67,0.00,N/A
104.27.115.177,4,1,0.75,179.71,0.00,N/A
172.65.108.95,4,1,0.75,179.75,0.00,N/A
172.64.68.184,4,1,0.75,179.76,0.00,N/A
172.64.148.189,4,1,0.75,179.76,0.00,N/A
104.25.67.62,4,1,0.75,179.76,0.00,N/A
104.18.12.159,4,1,0.75,179.80,0.00,N/A
104.27.63.221,4,1,0.75,179.86,0.00,N/A
104.20.53.239,4,1,0.75,179.90,0.00,N/A
104.27.48.251,4,1,0.75,179.91,0.00,N/A
172.65.164.155,4,1,0.75,179.96,0.00,N/A
172.65.187.33,4,1,0.75,179.99,0.00,N/A
104.20.60.188,4,1,0.75,180.07,0.00,N/A
172.67.116.25,4,1,0.75,180.07,0.00,N/A
104.25.138.124,4,1,0.75,180.24,0.00,N/A
104.19.46.109,4,1,0.75,180.32,0.00,N/A
172.65.207.80,4,1,0.75,180.34,0.00,N/A
172.65.190.24,4,1,0.75,180.35,0.00,N/A
104.25.165.76,4,1,0.75,180.43,0.00,N/A
104.25.34.134,4,1,0.75,180.44,0.00,N/A
104.27.29.40,4,1,0.75,180.46,0.00,N/A
104.20.62.127,4,1,0.75,180.57,0.00,N/A
104.29.126.108,4,1,0.75,180.61,0.00,N/A
104.20.47.134,4,1,0.75,180.76,0.00,N/A
104.25.182.59,4,1,0.75,181.01,0.00,N/A
104.25.203.32,4,1,0.75,181.12,0.00,N/A
172.65.67.125,4,1,0.75,181.29,0.00,N/A
172.66.192.185,4,1,0.75,181.32,0.00,N/A
104.19.94.189,4,1,0.75,181.32,0.00,N/A
104.25.130.120,4,1,0.75,181.45,0.00,N/A
172.65.249.22,4,1,0.75,181.63,0.00,N/A
104.19.117.89,4,1,0.75,181.65,0.00,N/A
104.25.69.45,4,1,0.75,181.76,0.00,N/A
172.65.130.134,4,1,0.75,181.89,0.00,N/A
104.24.237.12,4,1,0.75,181.97,0.00,N/A
172.67.96.86,4,1,0.75,181.99,0.00,N/A
104.21.11.154,4,1,0.75,182.05,0.00,N/A
104.25.242.225,4,1,0.75,182.05,0.00,N/A
172.65.14.8,4,1,0.75,182.09,0.00,N/A
104.27.17.146,4,1,0.75,182.14,0.00,N/A
172.65.173.169,4,1,0.75,182.19,0.00,N/A
104.19.66.170,4,1,0.75,182.21,0.00,N/A
104.27.53.144,4,1,0.75,182.38,0.00,N/A
172.67.105.103,4,1,0.75,182.42,0.00,N/A
104.19.47.78,4,1,0.75,182.43,0.00,N/A
104.18.43.86,4,1,0.75,182.43,0.00,N/A
104.25.71.17,4,1,0.75,182.46,0.00,N/A
104.24.75.214,4,1,0.75,182.56,0.00,N/A
104.17.187.254,4,1,0.75,182.61,0.00,N/A
104.24.167.238,4,1,0.75,182.63,0.00,N/A
172.64.80.106,4,1,0.75,182.63,0.00,N/A
104.25.240.74,4,1,0.75,182.63,0.00,N/A
104.19.92.30,4,1,0.75,182.70,0.00,N/A
104.24.81.174,4,1,0.75,182.72,0.00,N/A
104.29.125.184,4,1,0.75,182.72,0.00,N/A
104.24.154.11,4,1,0.75,182.74,0.00,N/A
104.18.169.121,4,1,0.75,182.80,0.00,N/A
104.25.17.158,4,1,0.75,182.83,0.00,N/A
104.18.39.240,4,1,0.75,182.94,0.00,N/A
104.25.52.10,4,1,0.75,182.97,0.00,N/A
172.65.222.168,4,1,0.75,183.03,0.00,N/A
104.27.126.198,4,1,0.75,183.09,0.00,N/A
104.27.24.156,4,1,0.75,183.20,0.00,N/A
104.25.227.189,4,1,0.75,183.34,0.00,N/A
104.25.104.130,4,1,0.75,183.37,0.00,N/A
172.67.115.129,4,1,0.75,183.43,0.00,N/A
172.66.205.171,4,1,0.75,183.44,0.00,N/A
172.67.102.32,4,1,0.75,183.44,0.00,N/A
104.24.151.18,4,1,0.75,183.46,0.00,N/A
104.20.52.28,4,1,0.75,183.48,0.00,N/A
172.65.73.47,4,1,0.75,183.51,0.00,N/A
162.159.1.146,4,1,0.75,183.52,0.00,N/A
104.27.40.247,4,1,0.75,183.62,0.00,N/A
104.24.149.12,4,1,0.75,183.68,0.00,N/A
172.65.172.156,4,1,0.75,183.72,0.00,N/A
104.18.35.94,4,1,0.75,183.82,0.00,N/A
104.24.161.182,4,1,0.75,183.88,0.00,N/A
104.25.210.82,4,1,0.75,183.96,0.00,N/A
172.67.99.111,4,1,0.75,184.06,0.00,N/A
104.19.18.224,4,1,0.75,184.13,0.00,N/A
104.25.148.117,4,1,0.75,184.38,0.00,N/A
104.19.125.61,4,1,0.75,184.39,0.00,N/A
172.67.104.132,4,1,0.75,184.44,0.00,N/A
104.25.185.66,4,1,0.75,184.48,0.00,N/A
162.159.254.84,4,1,0.75,184.58,0.00,N/A
172.64.231.240,4,1,0.75,184.58,0.00,N/A
172.66.164.94,4,1,0.75,184.61,0.00,N/A
104.25.133.173,4,1,0.75,184.66,0.00,N/A
104.24.72.114,4,1,0.75,184.69,0.00,N/A
104.24.164.236,4,1,0.75,184.72,0.00,N/A
104.24.189.186,4,1,0.75,184.83,0.00,N/A
172.67.127.110,4,1,0.75,184.83,0.00,N/A
104.25.25.128,4,1,0.75,184.92,0.00,N/A
104.20.45.17,4,1,0.75,184.92,0.00,N/A
104.20.48.72,4,1,0.75,184.93,0.00,N/A
104.25.186.180,4,1,0.75,184.98,0.00,N/A
104.20.1.223,4,1,0.75,184.99,0.00,N/A
104.24.169.164,4,1,0.75,185.00,0.00,N/A
172.65.240.37,4,1,0.75,185.02,0.00,N/A
104.25.209.196,4,1,0.75,185.09,0.00,N/A
104.24.250.133,4,1,0.75,185.10,0.00,N/A
172.65.163.202,4,1,0.75,185.11,0.00,N/A
104.19.91.97,4,1,0.75,185.19,0.00,N/A
104.19.116.20,4,1,0.75,185.20,0.00,N/A
104.25.30.39,4,1,0.75,185.20,0.00,N/A
104.18.25.127,4,1,0.75,185.22,0.00,N/A
104.27.28.5,4,1,0.75,185.26,0.00,N/A
104.27.61.242,4,1,0.75,185.32,0.00,N/A
104.19.107.87,4,1,0.75,185.35,0.00,N/A
172.66.176.241,4,1,0.75,185.48,0.00,N/A
104.25.36.247,4,1,0.75,185.49,0.00,N/A
104.25.22.153,4,1,0.75,185.55,0.00,N/A
104.19.113.66,4,1,0.75,185.57,0.00,N/A
172.66.142.50,4,1,0.75,185.66,0.00,N/A
104.25.74.140,4,1,0.75,185.69,0.00,N/A
172.65.219.181,4,1,0.75,185.72,0.00,N/A
172.65.188.249,4,1,0.75,185.79,0.00,N/A
172.66.210.144,4,1,0.75,185.85,0.00,N/A
104.24.152.131,4,1,0.75,185.90,0.00,N/A
104.20.63.254,4,1,0.75,185.90,0.00,N/A
172.65.215.178,4,1,0.75,186.18,0.00,N/A
172.65.135.224,4,1,0.75,186.24,0.00,N/A
104.27.95.65,4,1,0.75,186.26,0.00,N/A
104.25.29.106,4,1,0.75,186.27,0.00,N/A
104.27.12.60,4,1,0.75,186.36,0.00,N/A
104.25.106.182,4,1,0.75,186.43,0.00,N/A
172.66.131.90,4,1,0.75,186.54,0.00,N/A
104.19.48.54,4,1,0.75,186.57,0.00,N/A
172.64.84.132,4,1,0.75,186.63,0.00,N/A
104.25.134.188,4,1,0.75,186.68,0.00,N/A
104.20.2.194,4,1,0.75,186.79,0.00,N/A
104.27.21.111,4,1,0.75,186.79,0.00,N/A
104.24.150.235,4,1,0.75,186.86,0.00,N/A
104.25.238.185,4,1,0.75,187.00,0.00,N/A
104.18.37.69,4,1,0.75,187.12,0.00,N/A
104.25.139.44,4,1,0.75,187.23,0.00,N/A
172.64.78.42,4,1,0.75,187.23,0.00,N/A
104.27.41.2,4,1,0.75,187.24,0.00,N/A
104.25.94.32,4,1,0.75,187.28,0.00,N/A
104.27.18.26,4,1,0.75,187.32,0.00,N/A
104.25.129.227,4,1,0.75,187.40,0.00,N/A
172.66.166.17,4,1,0.75,187.56,0.00,N/A
172.65.211.14,4,1,0.75,187.61,0.00,N/A
104.25.49.248,4,1,0.75,187.65,0.00,N/A
104.18.14.51,4,1,0.75,187.69,0.00,N/A
104.24.79.207,4,1,0.75,187.83,0.00,N/A
104.18.40.97,4,1,0.75,187.91,0.00,N/A
104.19.110.109,4,1,0.75,187.91,0.00,N/A
104.25.97.43,4,1,0.75,187.94,0.00,N/A
104.25.215.135,4,1,0.75,188.01,0.00,N/A
104.25.28.115,4,1,0.75,188.02,0.00,N/A
104.24.175.150,4,1,0.75,188.08,0.00,N/A
104.27.100.198,4,1,0.75,188.08,0.00,N/A
104.25.231.79,4,1,0.75,188.09,0.00,N/A
172.66.44.34,4,1,0.75,188.13,0.00,N/A
104.24.202.196,4,1,0.75,188.18,0.00,N/A
104.19.93.142,4,1,0.75,188.18,0.00,N/A
172.66.143.22,4,1,0.75,188.20,0.00,N/A
104.25.214.171,4,1,0.75,188.24,0.00,N/A
104.25.93.16,4,1,0.75,188.30,0.00,N/A
172.65.168.142,4,1,0.75,188.33,0.00,N/A
104.24.251.103,4,1,0.75,188.34,0.00,N/A
104.18.15.114,4,1,0.75,188.38,0.00,N/A
104.27.23.174,4,1,0.75,188.38,0.00,N/A
172.65.182.228,4,1,0.75,188.45,0.00,N/A
104.24.236.233,4,1,0.75,188.47,0.00,N/A
172.67.106.206,4,1,0.75,188.52,0.00,N/A
104.24.238.133,4,1,0.75,188.53,0.00,N/A
104.24.44.127,4,1,0.75,188.55,0.00,N/A
172.65.114.74,4,1,0.75,188.58,0.00,N/A
104.25.230.190,4,1,0.75,188.68,0.00,N/A
172.65.149.9,4,1,0.75,188.73,0.00,N/A
104.20.14.136,4,1,0.75,188.73,0.00,N/A
104.25.228.214,4,1,0.75,188.74,0.00,N/A
104.25.171.92,4,1,0.75,188.74,0.00,N/A
172.65.253.151,4,1,0.75,188.76,0.00,N/A
104.27.4.53,4,1,0.75,188.76,0.00,N/A
104.27.104.52,4,1,0.75,188.79,0.00,N/A
104.29.127.56,4,1,0.75,188.87,0.00,N/A
172.65.162.111,4,1,0.75,188.88,0.00,N/A
104.18.18.207,4,1,0.75,188.91,0.00,N/A
104.25.13.189,4,1,0.75,188.91,0.00,N/A
104.25.58.160,4,1,0.75,188.92,0.00,N/A
104.25.54.197,4,1,0.75,188.94,0.00,N/A
104.25.8.232,4,1,0.75,188.95,0.00,N/A
104.24.80.221,4,1,0.75,188.97,0.00,N/A
162.159.5.112,4,1,0.75,189.00,0.00,N/A
104.27.27.161,4,1,0.75,189.00,0.00,N/A
104.27.67.1,4,1,0.75,189.06,0.00,N/A
104.20.56.37,4,1,0.75,189.30,0.00,N/A
172.66.158.32,4,1,0.75,189.37,0.00,N/A
172.66.197.143,4,1,0.75,189.47,0.00,N/A
172.65.100.125,4,1,0.75,189.48,0.00,N/A
104.25.194.216,4,1,0.75,189.50,0.00,N/A
104.25.120.176,4,1,0.75,189.55,0.00,N/A
172.65.70.39,4,1,0.75,189.56,0.00,N/A
104.18.215.97,4,1,0.75,189.58,0.00,N/A
104.19.85.135,4,1,0.75,189.71,0.00,N/A
172.65.120.175,4,1,0.75,189.72,0.00,N/A
104.20.57.122,4,1,0.75,189.83,0.00,N/A
104.24.215.48,4,1,0.75,189.86,0.00,N/A
104.24.179.124,4,1,0.75,189.93,0.00,N/A
104.25.6.67,4,1,0.75,189.99,0.00,N/A
104.18.130.83,4,1,0.75,190.07,0.00,N/A
104.25.223.227,4,1,0.75,190.12,0.00,N/A
104.24.159.29,4,1,0.75,190.14,0.00,N/A
172.64.90.252,4,1,0.75,190.17,0.00,N/A
104.25.137.224,4,1,0.75,190.27,0.00,N/A
172.66.213.242,4,1,0.75,190.32,0.00,N/A
172.66.129.43,4,1,0.75,190.32,0.00,N/A
172.65.101.21,4,1,0.75,190.36,0.00,N/A
104.25.132.213,4,1,0.75,190.40,0.00,N/A
104.27.72.71,4,1,0.75,190.48,0.00,N/A
104.24.162.27,4,1,0.75,190.58,0.00,N/A
172.65.206.64,4,1,0.75,190.58,0.00,N/A
104.25.162.35,4,1,0.75,190.77,0.00,N/A
162.159.23.157,4,1,0.75,190.82,0.00,N/A
104.16.220.180,4,1,0.75,190.88,0.00,N/A
104.19.108.17,4,1,0.75,190.92,0.00,N/A
104.18.251.55,4,1,0.75,190.92,0.00,N/A
104.24.153.168,4,1,0.75,190.98,0.00,N/A
104.25.110.38,4,1,0.75,191.03,0.00,N/A
172.65.166.189,4,1,0.75,191.04,0.00,N/A
104.20.0.170,4,1,0.75,191.06,0.00,N/A
104.24.78.205,4,1,0.75,191.07,0.00,N/A
172.66.161.69,4,1,0.75,191.08,0.00,N/A
104.25.92.21,4,1,0.75,191.22,0.00,N/A
172.65.171.249,4,1,0.75,191.23,0.00,N/A
104.25.226.180,4,1,0.75,191.37,0.00,N/A
104.25.153.241,4,1,0.75,191.37,0.00,N/A
172.66.159.39,4,1,0.75,191.39,0.00,N/A
172.67.146.150,4,1,0.75,191.46,0.00,N/A
172.66.175.18,4,1,0.75,191.54,0.00,N/A
104.27.64.77,4,1,0.75,191.61,0.00,N/A
104.19.90.70,4,1,0.75,191.68,0.00,N/A
104.24.158.248,4,1,0.75,191.77,0.00,N/A
104.24.144.53,4,1,0.75,191.78,0.00,N/A
162.159.2.240,4,1,0.75,191.84,0.00,N/A
172.65.81.76,4,1,0.75,191.93,0.00,N/A
104.25.102.242,4,1,0.75,191.95,0.00,N/A
172.65.246.186,4,1,0.75,191.97,0.00,N/A
172.65.220.171,4,1,0.75,191.99,0.00,N/A
172.66.196.204,4,1,0.75,192.03,0.00,N/A
104.18.32.61,4,1,0.75,192.23,0.00,N/A
172.66.140.164,4,1,0.75,192.24,0.00,N/A
104.19.221.156,4,1,0.75,192.25,0.00,N/A
172.67.89.87,4,1,0.75,192.31,0.00,N/A
104.24.240.8,4,1,0.75,192.32,0.00,N/A
104.18.172.60,4,1,0.75,192.45,0.00,N/A
172.64.98.74,4,1,0.75,192.52,0.00,N/A
104.27.3.79,4,1,0.75,192.54,0.00,N/A
172.65.66.31,4,1,0.75,192.55,0.00,N/A
104.19.105.45,4,1,0.75,192.60,0.00,N/A
104.24.173.60,4,1,0.75,192.66,0.00,N/A
104.18.19.128,4,1,0.75,192.79,0.00,N/A
104.24.85.133,4,1,0.75,192.81,0.00,N/A
172.67.200.74,4,1,0.75,192.90,0.00,N/A
104.25.141.65,4,1,0.75,192.97,0.00,N/A
172.64.81.245,4,1,0.75,193.18,0.00,N/A
104.25.229.209,4,1,0.75,193.22,0.00,N/A
104.25.57.21,4,1,0.75,193.29,0.00,N/A
172.67.107.214,4,1,0.75,193.29,0.00,N/A
104.27.105.176,4,1,0.75,193.46,0.00,N/A
104.27.37.50,4,1,0.75,193.52,0.00,N/A
104.19.104.126,4,1,0.75,193.55,0.00,N/A
104.21.238.230,4,1,0.75,193.56,0.00,N/A
104.27.62.230,4,1,0.75,193.78,0.00,N/A
104.18.159.239,4,1,0.75,193.84,0.00,N/A
104.25.201.119,4,1,0.75,193.84,0.00,N/A
104.19.39.127,4,1,0.75,194.15,0.00,N/A
172.66.160.22,4,1,0.75,194.36,0.00,N/A
104.25.96.146,4,1,0.75,194.36,0.00,N/A
104.20.43.230,4,1,0.75,194.43,0.00,N/A
104.18.3.28,4,1,0.75,194.57,0.00,N/A
104.25.24.103,4,1,0.75,194.65,0.00,N/A
104.24.148.130,4,1,0.75,194.73,0.00,N/A
104.18.101.38,4,1,0.75,194.76,0.00,N/A
104.20.50.90,4,1,0.75,194.97,0.00,N/A
104.27.77.56,4,1,0.75,195.02,0.00,N/A
172.67.112.7,4,1,0.75,195.13,0.00,N/A
104.24.77.103,4,1,0.75,195.22,0.00,N/A
104.18.165.176,4,1,0.75,195.43,0.00,N/A
172.64.66.136,4,1,0.75,195.45,0.00,N/A
104.25.168.221,4,1,0.75,195.70,0.00,N/A
104.18.167.4,4,1,0.75,195.72,0.00,N/A
162.159.255.101,4,1,0.75,195.81,0.00,N/A
104.18.168.36,4,1,0.75,195.91,0.00,N/A
104.19.102.16,4,1,0.75,196.08,0.00,N/A
104.18.170.127,4,1,0.75,196.09,0.00,N/A
172.66.45.167,4,1,0.75,196.40,0.00,N/A
172.64.152.226,4,1,0.75,196.67,0.00,N/A
172.66.174.24,4,1,0.75,196.73,0.00,N/A
104.21.68.109,4,1,0.75,197.42,0.00,N/A
104.20.51.23,4,1,0.75,197.59,0.00,N/A
104.18.34.118,4,1,0.75,197.67,0.00,N/A
172.65.218.254,4,1,0.75,197.91,0.00,N/A
104.16.223.112,4,1,0.75,198.22,0.00,N/A
104.16.215.35,4,1,0.75,198.46,0.00,N/A
172.65.12.165,4,1,0.75,198.70,0.00,N/A
104.17.188.99,4,1,0.75,198.81,0.00,N/A
104.19.101.92,4,1,0.75,202.04,0.00,N/A
104.18.173.70,4,1,0.75,202.33,0.00,N/A
104.16.102.17,4,1,0.75,202.64,0.00,N/A
104.18.163.11,4,1,0.75,205.19,0.00,N/A
104.18.174.102,4,1,0.75,206.27,0.00,N/A
104.16.133.127,4,1,0.75,206.65,0.00,N/A
104.16.128.22,4,1,0.75,207.71,0.00,N/A
104.18.108.184,4,1,0.75,207.75,0.00,N/A
104.16.12.66,4,1,0.75,207.91,0.00,N/A
104.16.190.40,4,1,0.75,208.03,0.00,N/A
104.16.2.74,4,1,0.75,208.67,0.00,N/A
104.18.166.240,4,1,0.75,209.14,0.00,N/A
104.18.164.62,4,1,0.75,209.89,0.00,N/A
104.19.99.151,4,1,0.75,209.92,0.00,N/A
104.16.191.84,4,1,0.75,211.63,0.00,N/A
104.16.10.212,4,1,0.75,212.23,0.00,N/A
104.18.192.166,4,1,0.75,214.30,0.00,N/A
104.18.150.243,4,1,0.75,214.43,0.00,N/A
104.19.222.68,4,1,0.75,215.75,0.00,N/A
104.17.185.195,4,1,0.75,216.13,0.00,N/A
104.17.143.53,4,1,0.75,218.36,0.00,N/A
104.19.220.103,4,1,0.75,219.26,0.00,N/A
104.19.217.198,4,1,0.75,219.28,0.00,N/A
104.19.98.232,4,1,0.75,220.30,0.00,N/A
104.18.133.2,4,1,0.75,224.55,0.00,N/A
104.16.8.93,4,1,0.75,225.74,0.00,N/A
104.16.19.153,4,1,0.75,225.91,0.00,N/A
104.18.110.37,4,1,0.75,226.15,0.00,N/A
104.18.105.106,4,1,0.75,226.45,0.00,N/A
104.17.186.59,4,1,0.75,226.63,0.00,N/A
104.18.106.179,4,1,0.75,227.47,0.00,N/A
104.18.107.215,4,1,0.75,227.75,0.00,N/A
104.18.160.216,4,1,0.75,227.85,0.00,N/A
104.18.143.195,4,1,0.75,229.21,0.00,N/A
104.16.18.88,4,1,0.75,229.25,0.00,N/A
104.17.193.79,4,1,0.75,229.71,0.00,N/A
104.19.254.2,4,1,0.75,231.02,0.00,N/A
104.21.234.243,4,1,0.75,231.94,0.00,N/A
104.16.60.237,4,1,0.75,232.27,0.00,N/A
104.16.213.32,4,1,0.75,232.39,0.00,N/A
104.18.231.82,4,1,0.75,233.07,0.00,N/A
104.18.145.48,4,1,0.75,234.69,0.00,N/A
104.19.211.80,4,1,0.75,239.80,0.00,N/A
104.21.195.221,4,1,0.75,239.86,0.00,N/A
104.18.223.162,4,1,0.75,240.25,0.00,N/A
104.17.254.191,4,1,0.75,240.76,0.00,N/A
104.19.255.222,4,1,0.75,241.00,0.00,N/A
104.16.197.219,4,1,0.75,241.09,0.00,N/A
104.18.155.239,4,1,0.75,241.77,0.00,N/A
104.19.223.104,4,1,0.75,242.96,0.00,N/A
104.17.180.23,4,1,0.75,247.36,0.00,N/A
104.19.252.112,4,1,0.75,249.03,0.00,N/A
104.19.212.221,4,1,0.75,253.40,0.00,N/A
104.19.219.120,4,1,0.75,257.47,0.00,N/A
104.16.96.209,4,1,0.75,257.61,0.00,N/A
104.17.15.71,4,1,0.75,257.66,0.00,N/A
104.19.153.43,4,1,0.75,257.68,0.00,N/A
104.17.190.72,4,1,0.75,258.47,0.00,N/A
104.19.213.84,4,1,0.75,259.44,0.00,N/A
104.19.248.135,4,1,0.75,271.04,0.00,N/A
104.16.13.94,4,1,0.75,271.29,0.00,N/A
104.16.101.15,4,1,0.75,283.17,0.00,N/A
172.65.54.120,4,1,0.75,339.10,0.00,N/A
172.67.238.236,4,1,0.75,349.89,0.00,N/A
104.18.58.38,4,1,0.75,353.83,0.00,N/A
104.29.151.132,4,1,0.75,356.14,0.00,N/A
104.21.10.9,4,1,0.75,357.21,0.00,N/A
104.21.220.75,4,1,0.75,363.91,0.00,N/A
104.21.196.32,4,1,0.75,366.47,0.00,N/A
172.65.57.254,4,1,0.75,367.50,0.00,N/A
172.67.171.77,4,1,0.75,376.79,0.00,N/A
104.21.194.85,4,1,0.75,376.99,0.00,N/A
104.21.22.220,4,1,0.75,377.37,0.00,N/A
104.21.43.202,4,1,0.75,379.33,0.00,N/A
104.18.60.36,4,1,0.75,381.12,0.00,N/A
104.27.198.61,4,1,0.75,381.48,0.00,N/A
172.65.44.241,4,1,0.75,381.52,0.00,N/A
172.65.47.58,4,1,0.75,388.32,0.00,N/A
104.21.37.218,4,1,0.75,396.03,0.00,N/A
172.67.195.181,4,1,0.75,396.95,0.00,N/A
104.21.99.111,4,1,0.75,397.09,0.00,N/A
172.67.167.243,4,1,0.75,401.86,0.00,N/A
172.65.34.37,4,1,0.75,401.95,0.00,N/A
172.67.193.58,4,1,0.75,403.30,0.00,N/A
172.67.218.229,4,1,0.75,404.79,0.00,N/A
172.67.179.176,4,1,0.75,407.71,0.00,N/A
104.27.193.157,4,1,0.75,410.87,0.00,N/A
172.67.183.42,4,1,0.75,417.83,0.00,N/A
172.67.170.205,4,1,0.75,418.87,0.00,N/A
172.67.188.32,4,1,0.75,420.55,0.00,N/A
172.67.163.118,4,1,0.75,422.47,0.00,N/A
104.21.111.94,4,1,0.75,423.29,0.00,N/A
172.67.239.233,4,1,0.75,426.06,0.00,N/A
172.67.199.143,4,1,0.75,428.06,0.00,N/A
104.21.200.82,4,1,0.75,430.58,0.00,N/A
172.66.177.164,4,1,0.75,430.96,0.00,N/A
172.67.158.225,4,1,0.75,439.46,0.00,N/A
172.67.224.174,4,1,0.75,442.01,0.00,N/A
172.67.221.204,4,1,0.75,443.37,0.00,N/A
172.67.232.241,4,1,0.75,443.97,0.00,N/A
172.67.169.174,4,1,0.75,444.05,0.00,N/A
172.67.140.3,4,1,0.75,444.83,0.00,N/A
104.21.21.62,4,1,0.75,446.02,0.00,N/A
104.21.214.51,4,1,0.75,446.30,0.00,N/A
172.67.201.236,4,1,0.75,447.41,0.00,N/A
172.67.230.212,4,1,0.75,452.91,0.00,N/A
172.67.228.141,4,1,0.75,454.31,0.00,N/A
104.21.18.69,4,1,0.75,454.93,0.00,N/A
172.65.41.133,4,1,0.75,455.80,0.00,N/A
172.65.49.151,4,1,0.75,459.01,0.00,N/A
104.21.116.203,4,1,0.75,460.87,0.00,N/A
104.21.19.108,4,1,0.75,465.79,0.00,N/A
172.67.137.7,4,1,0.75,475.51,0.00,N/A
172.67.157.245,4,1,0.75,477.06,0.00,N/A
172.67.241.161,4,1,0.75,478.26,0.00,N/A
172.67.141.74,4,1,0.75,483.85,0.00,N/A
172.67.156.234,4,1,0.75,489.67,0.00,N/A
172.67.159.27,4,1,0.75,493.40,0.00,N/A
172.67.209.132,4,1,0.75,494.54,0.00,N/A
172.67.155.40,4,1,0.75,497.47,0.00,N/A
172.65.30.185,4,1,0.75,504.39,0.00,N/A
172.66.217.249,4,1,0.75,509.79,0.00,N/A
104.18.50.224,4,1,0.75,514.63,0.00,N/A
104.21.85.124,4,1,0.75,525.88,0.00,N/A
104.18.59.241,4,1,0.75,528.93,0.00,N/A
104.21.222.241,4,1,0.75,531.97,0.00,N/A
104.21.49.185,4,1,0.75,535.97,0.00,N/A
104.27.195.229,4,1,0.75,536.87,0.00,N/A
172.67.131.170,4,1,0.75,540.72,0.00,N/A
172.65.22.45,4,1,0.75,542.69,0.00,N/A
104.21.212.177,4,1,0.75,542.80,0.00,N/A
104.21.223.205,4,1,0.75,543.76,0.00,N/A
172.67.227.203,4,1,0.75,549.30,0.00,N/A
104.21.101.64,4,1,0.75,550.14,0.00,N/A
172.67.134.182,4,1,0.75,553.01,0.00,N/A
172.67.229.6,4,1,0.75,556.94,0.00,N/A
172.67.128.227,4,1,0.75,557.87,0.00,N/A
172.65.50.233,4,1,0.75,562.27,0.00,N/A
104.21.93.191,4,1,0.75,565.21,0.00,N/A
172.67.182.118,4,1,0.75,570.10,0.00,N/A
172.67.186.16,4,1,0.75,574.09,0.00,N/A
172.67.176.115,4,1,0.75,593.66,0.00,N/A
172.65.31.152,4,1,0.75,615.35,0.00,N/A
